INSERT or replace INTO GRUPO (TITULO,IDGRUPO) VALUES ('Comuns',1);
INSERT or replace INTO GRUPO (TITULO,IDGRUPO) VALUES ('Cura',2);
INSERT or replace INTO GRUPO (TITULO,IDGRUPO) VALUES ('Libertação',3);
INSERT or replace INTO GRUPO (TITULO,IDGRUPO) VALUES ('Intercessão',4);
INSERT or replace INTO GRUPO (TITULO,IDGRUPO) VALUES ('Renuncia',5);
INSERT or replace INTO GRUPO (TITULO,IDGRUPO) VALUES ('Ladainha',6);
INSERT or replace INTO GRUPO (TITULO,IDGRUPO) VALUES ('Anjos e Santos',7);
INSERT or replace INTO GRUPO (TITULO,IDGRUPO) VALUES ('Terço',8);
INSERT or replace INTO GRUPO (TITULO,IDGRUPO) VALUES ('A Maria',9);

INSERT or replace INTO TITULOS (TITULO,GRUPO,IDORACAO) VALUES ('Pai Nosso','1',0);
INSERT or replace INTO TITULOS (TITULO,GRUPO,IDORACAO) VALUES ('Ave Maria','1',1);
INSERT or replace INTO TITULOS (TITULO,GRUPO,IDORACAO) VALUES ('Creio','1',2);
INSERT or replace INTO TITULOS (TITULO,GRUPO,IDORACAO) VALUES ('Cura Para Uma Morte Feliz','2',3);
INSERT or replace INTO TITULOS (TITULO,GRUPO,IDORACAO) VALUES ('Oração de Purificação','2',4);
INSERT or replace INTO TITULOS (TITULO,GRUPO,IDORACAO) VALUES ('Quaresma de São Miguel Arcanjo','2',5);
INSERT or replace INTO TITULOS (TITULO,GRUPO,IDORACAO) VALUES ('Terço da Cruzada','8',6);
INSERT or replace INTO TITULOS (TITULO,GRUPO,IDORACAO) VALUES ('Ladainha de Nossa Senhora','6',7);
INSERT or replace INTO TITULOS (TITULO,GRUPO,IDORACAO) VALUES ('Ladainha Sagrada Família','6',8);
INSERT or replace INTO TITULOS (TITULO,GRUPO,IDORACAO) VALUES ('Consagração a Nossa Senhora','9',9);
INSERT or replace INTO TITULOS (TITULO,GRUPO,IDORACAO) VALUES ('Ladainha do Imaculado Coração de Maria','9',10);
INSERT or replace INTO TITULOS (TITULO,GRUPO,IDORACAO) VALUES ('Ato de Consagração ao Imaculado Coração de Maria','9',11);
INSERT or replace INTO TITULOS (TITULO,GRUPO,IDORACAO) VALUES ('Ato de Consagração aos Sagrados Corações','9',12);
INSERT or replace INTO TITULOS (TITULO,GRUPO,IDORACAO) VALUES ('Consagração Monfortina ao Imaculado Coração de Maria','9',13);
INSERT or replace INTO TITULOS (TITULO,GRUPO,IDORACAO) VALUES ('Coroa das glórias da Virgem Maria','9',14);
INSERT or replace INTO TITULOS (TITULO,GRUPO,IDORACAO) VALUES ('Terço das Lágrimas de Sangue de Maria Rosa Mística','8',15);
INSERT or replace INTO TITULOS (TITULO,GRUPO,IDORACAO) VALUES ('Reparação das blasfêmias contra o Imaculado Coração de Maria','9',16);
INSERT or replace INTO TITULOS (TITULO,GRUPO,IDORACAO) VALUES ('Oração a Nossa Senhora do Desterro','7',17);
INSERT or replace INTO TITULOS (TITULO,GRUPO,IDORACAO) VALUES ('Oração a Nossa Senhora Desatadora dos Nós','9',18);
INSERT or replace INTO TITULOS (TITULO,GRUPO,IDORACAO) VALUES ('Oração São Camilo','7',19);
INSERT or replace INTO TITULOS (TITULO,GRUPO,IDORACAO) VALUES ('Coroa de São José','7',20);
INSERT or replace INTO TITULOS (TITULO,GRUPO,IDORACAO) VALUES ('Rosário de São Miguel Arcanjo','8',21);
INSERT or replace INTO TITULOS (TITULO,GRUPO,IDORACAO) VALUES ('Oração dos Santos Anjos','1',22);
INSERT or replace INTO TITULOS (TITULO,GRUPO,IDORACAO) VALUES ('Súplicas ardentes aos Santos Anjos','7',23);
INSERT or replace INTO TITULOS (TITULO,GRUPO,IDORACAO) VALUES ('Ladainha de São Rafael Arcanjo','6',24);
INSERT or replace INTO TITULOS (TITULO,GRUPO,IDORACAO) VALUES ('Oração a São Rafael Arcanjo','7',25);
INSERT or replace INTO TITULOS (TITULO,GRUPO,IDORACAO) VALUES ('Oração a São José','7',26);

INSERT or replace INTO ORACAO (TITULO,ORACAO,IDORACAO) VALUES ('Pai Nosso','Pai nosso que estás nos céus,santificado seja o Vosso nome. Venha a nós o Vosso Reino. Seja feita a Vossa vontade,assim na Terra como no Céu. O pão nosso de cada dia nos dai hoje. Perdoai as nossas ofensas assim como nós perdoamos a quem nos tem ofendido. E não nos deixeis cair em tentação, mas livrai-nos do mal.',0);

INSERT or replace INTO ORACAO (TITULO,ORACAO,IDORACAO) VALUES ('Ave Maria','Ave Maria cheia de graça, o Senhor é convosco, bendita sois Vós entre as mulheres, e bendito é o fruto do vosso ventre, Jesus. Santa Maria, Mãe de Deus, rogai por nós pecadores, agora e na hora da nossa morte. Amém',1);

INSERT or replace INTO ORACAO (TITULO,ORACAO,IDORACAO) VALUES ('Creio','Creio em Deus Pai Todo-Poderoso, criador do céu e da terra. E em Jesus Cristo, seu único Filho Nosso Senhor, que foi concebido pelo poder do Espírito Santo, nasceu da Virgem Maria , padeceu sob Pôncio Pilatos, foi crucificado, morto e sepultado, desceu a mansão dos mortos, ressucitou ao terceiro dia, subiu aos Céus, está sentado à direita de Deus Pai todo-poderoso, donde há de vir a julgar os vivos e mortos. Creio no Espírito Santo. Na Santa Igreja Católica, na comunhão dos santos, na remissão dos pecados, na ressurreição da carne, na vida eterna. Amém.,',2);

INSERT or replace INTO ORACAO (TITULO,ORACAO,IDORACAO) VALUES ('Cura Para Uma Morte Feliz','
Senhor Jesus, clamo a Vossa intercessão junto ao Pai, por todas as pessoas na história de minha família que morreram cedo, não amadas, não choradas, sem oração e sem amoroso enterro cristão.
E a todos os que experimentaram mortes terríveis, dolorosas e horríveis - mortes por violência,por acidente, envenenamento, tiros, fogo, explosões, facadas, enforcamento, afogamento, atos de guerra ou morte por animais.
Ergo agora até Vós, Senhor, meus antepassados que morreram mortes de suicídio, Senhor, cessa agora no Vosso poder † toda transmissão de tendência para mortes anormais e feias.
Senhor, que Vosso amor misericordioso, que perdoa e cura, noa toque ternamente e que doravante todos conheçamos mortes cheias de amor e ternura, que experimentamos a transição da vida para a morte num contexto plenamente cristão.
Pai, que ninguém em minha linha de família, de agora em diante morra sem ter conhecido pessoalmente o Senhor Jesus Cristo. Amém!
<br/>
<b>
"Disse-lhe Jesus: Eu sou a ressurreição e a vida. Aquele que crê em mim, ainda que esteja morto, viverá. E todo aquele que vive e crê em mim, jamais morrerá."(Jo 11,25-26)
</b>
',3);

INSERT or replace INTO ORACAO (TITULO,ORACAO,IDORACAO) VALUES ('Oração de Purificação','
Eu, em Nome de Jesus, † ordeno que saiam de mim, de minha casa, de minha família (cônjuge, filhos,etc) e dos meus amigos, todas as forças espirituais do mal que possam ter nos contaminado, e ordeno que vão se prostrar aos pés da Cruz do Senhor Jesus e os proíbo de voltar.
Que saiam também agora, toda a fúria do inimigo e todo o dardo inflamado lançado contra nossos familiares, contra nossos bens materiais, contra nosso organismo físico, contra nossa mente ou nosso espírito.
Neste momento, Senhor Jesus, eu me lavo com Teu Sangue preciosíssimo, e também lavo Nele todas as pessoas que comigo convivem. Teu Sangue seja para nós cobertura e proteção, e que o Divino Espírito Santo renove em cada um de nós Sua unção, Sua força e Seu poder. Pela poderosa intercessão da Virgem Maria, de seus Anjos e Santos. Amém!
<br/><b>
A Cruz Sagrada † seja minha luz!
Não seja o dragão o meu guia!
Retira-te satanás,<br/> nunca me aconselhes coisas vãs <br/>é mau o que tu ofereces.
bebe tu mesmo o teu veneno!<b/>
',4);

INSERT or replace INTO ORACAO (TITULO,ORACAO,IDORACAO) VALUES (' Quaresma de São Miguel Arcanjo','A quaresma de São Miguel Arcanjo foi difundida através dos discípulos de São Francisco, que o imitavam nessa dvoção e recebiam graças. E até hoje, temos esse belíssimo costume de consagrar nossas vidas a São Miguel. 

O que é necessário?

Antes de tudo, termos os devidos cuidados para não cairmos em superstição. A superstição é o desvio do sentimento religioso e das práticas que ele impõe. Então, o nosso coração deve estar reconciliado com Deus e cheio de bons propósitos.

Após esta análise de sua vida, faça um altar com a imagem ou foto de

São Miguel Arcanjo colocando velas ou lamparinas bentas, e flores para enfeitar o altar. Durante a quaresma, faça penitências, jejuns e abstinências e uma boa confissão. Fazer seu pedido particular e principalmente pela libertação da família, quebra de maldição, do jugo hereditário, ocultismo e outras intenções. 

Rezar as orações mencionadas abaixo e, no dia 29 de setembro participar da Festa de São Miguel com a Santa Missa.

Rezemos a São Miguel Arcanjo nos dez primeiros dias da quaresma por toda cura e libertação de todos os vícios de dependência química (álcool, drogas, cigarros) também vícios de jogos, de compulsividade (para comprar, comer), Nos dez dias da quaresma rezemos além das nossas intenções particulares, também por toda a cura e libertação de maldições em nossas pontes de gerações, como: desordens sexuais, adultério, roubo, alcoolismo, perseguições, divórcios, abortos, mortes repentinas, idolatrias.(e outros)

Nos dez terceiros dias da quaresma, rezemos por toda libertação de malefícios a agouros que possam ter atingido sua vida e os seus negócios como também sua profissão e estudos: dificuldades financeiras, perdas, insucessos, invejas, ciúmes, trapaças. 

Nos dez quartos dias da quaresma, rezemos por toda cura e libertação física e espiritual: doenças psíquicas como: transtorno bipolar, esquizofrenia, síndrome do pânico, doenças físicas como: dores na coluna, enxaquecas, anemias, desmaios, bronquites, asmas, alergias e outros.  

A Quaresma de São Miguel Arcanjo tem seu início no dia 15 de agosto. No dia 20 de setembro inicia-se a novena em honra à São Miguel Arcanjo juntamente com as outras orações culminando com a grande festa no dia 29 de setembro. 

* importante a quaresma ou novena pode ser realizada a partir de qualquer data do ano, sendo agosto a setembro um momento especial...
<br/>
<br/>

<b>Todos os dias:</b>

Acender uma Vela (benta) diante da imagem de São Miguel Arcanjo.
Oferecer jejuns, penitências e abstinências.
Fazer o sinal da cruz.
Rezar a oração inicial “Pequeno Exorcismo do Papa Leão XIII”.
Rezar a Ladainha de São Miguel Arcanjo.
Rezar a Consagração a São Miguel Arcanjo.
Fazer o pedido de uma graça a ser alcançada.
Fazer uma Santa confissão.
<br/>
O altar - Na Quaresma de São Miguel Arcanjo, costuma-se fazer um pequeno altar ou oratório com a imagem de Arcanjo (pode ser uma foto também) e se possível no momento da oração acenda uma vela ( benta ) (que simboliza a luz de Cristo).  

Jejuns e penitências - Durante o período desta oração (40 dias), é indicado que cada pessoa faça uma penitência (exemplos) (abster-se de algo de comer, do cigarro, da bebida,internet ou até da televisão) e buscar o jejum ao menos às sextas-feiras, dia que a Igreja aconselha a prática.  (abster-se de carne por exemplo) . 

Participar das Santas missas (se possível diariamente) em honra a São Miguel, e após a comunhão rezar a Oração de São Miguel Arcanjo. 
Durante as orações (40 dias ), Acender a vela (benta), fazer o sinal da Cruz.

A Quaresma de São Miguel Arcanjo deve ser rezada, diariamente, entre os dias 15 de agosto e 29 de setembro, dia da Festa de São Miguel. Podendo ser rezada, também, em outras épocas do ano por um período de 40 dias.
<br/>
<br/>
<br/>
<b>ORAÇÃO INICIAL PARA TODOS OS DIAS.</b>
<br/>
<br/>
<b>ORAÇÃO DE SÃO MIGUEL ARCANJO.</b>
“Pequeno Exorcismo do Papa Leão XIII”.
<br/>
<br/>
São Miguel Arcanjo, defendei-nos no combate, sede o nosso refúgio contra as maldades e ciladas do demônio. Ordene-lhe Deus, instantemente o pedimos, e vós, príncipe da milícia celeste, pela virtude divina, precipitai no inferno a satanás e aos outros espíritos malignos, que andam pelo mundo para perder as almas. Amém.
<br/>
<br/>
Sacratíssimo Coração de Jesus tende piedade de nós! (3x)
<br/>
<br/>
<b>LADAINHA DE SÃO MIGUEL</b>
<br/> 
<br/>
Senhor tende piedade de nós.<br/>
Jesus Cristo tende piedade de nós.
Senhor tende piedade de nós. Jesus Cristo ouvi-nos.
Jesus Cristo atendei-nos.
Pai Celeste, que sois Deus, tende piedade de nós.
Filho, Redentor do Mundo, que sois Deus, tende piedade de nós.
Espírito Santo, que sois Deus, tende piedade de nós.
Trindade Santa, que sois um único Deus, tende piedade de nós.
Santa Maria, Rainha dos Anjos, rogai por nós.
São Miguel, rogai por nós.  
São Miguel, cheio da graça de Deus, rogai por nós.
São Miguel, perfeito adorador do Verbo Divino, rogai por nós.
São Miguel, coroado de honra e de glória, rogai por nós.
São Miguel, poderosíssimo Príncipe dos exércitos do Senhor, rogai por nós.
São Miguel, porta-estandarte da Santíssima Trindade, rogai por nós.
São Miguel, guardião do Paraíso, rogai por nós.
São Miguel, guia e consolador do povo israelita, rogai por nós.
São Miguel, esplendor e fortaleza da Igreja militante, rogai por nós.
São Miguel, honra e alegria da Igreja triunfante, rogai por nós.
São Miguel, Luz dos Anjos, rogai por nós.
São Miguel, baluarte dos Cristãos, rogai por nós.
São Miguel, força daqueles que combatem pelo estandarte da Cruz, rogai por nós.  
São Miguel, luz e confiança das almas no último momento da vida, rogai por nós.
São Miguel, socorro muito certo, rogai por nós.
São Miguel, nosso auxílio em todas as adversidades, rogai por nós.
São Miguel, arauto da sentença eterna, rogai por nós.
São Miguel, consolador das almas que estão no Purgatório, rogai por nós.
São Miguel, a quem o Senhor incumbiu de receber as almas que estão no Purgatório,
São Miguel, nosso Príncipe, rogai por nós.
São Miguel, nosso Advogado, rogai por nós.
<br/>
<br/>
Cordeiro de Deus, que tirais o pecado do mundo, atendei-nos, Senhor.
Cordeiro de Deus, que tirais o pecado do mundo, tende piedade de nós.
Cordeiro de Deus, que tirais o pecado do mundo, tende piedade de nós.
<br/>
<br/>
Rogai por nós, ó glorioso São Miguel, Príncipe da Igreja de Cristo, para que sejamos dignos de Suas promessas.
<br/>
Oração: Senhor Jesus, santificai-nos, por uma bênção sempre nova, e concedei-nos, pela intercessão de São Miguel, esta sabedoria que nos ensina a ajuntar riquezas do Céu e a trocar os bens do tempo pelos da eternidade. Vós que viveis e reinais em todos os séculos dos séculos.
 <br/>
<br/>
<br/>
<b>Ao final, reza-se:</b>
<br/>
Um Pai Nosso em honra de São Gabriel.
Um Pai Nosso em honra de São Miguel Arcanjo.
Um Pai Nosso em honra de São Rafael.
<br/>
Gloriosíssimo São Miguel, chefe e príncipe dos exércitos celestes, fiel guardião das almas, vencedor dos espíritos rebeldes, amado da casa de Deus, nosso admirável guia depois de Cristo, vós, cuja excelência e virtudes são eminentíssimas, dignai-vos livrar-nos de todos os males, nós todos que recorremos a vós com confiança, e fazei pela vossa incomparável proteção, que adiantemos cada dia mais na fidelidade em servir a Deus.  
 <br/>
<br/>
V. Rogai por nós, ó bem-aventurado São Miguel, príncipe da Igreja de Cristo.
<br/>
R. Para que sejamos dignos de suas promessas.
<br/>
Oração: Deus, todo poderoso e eterno, que por um prodígio de bondade e misericórdia para a salvação dos homens, escolhestes para príncipe de Vossa Igreja o gloriosíssimo Arcanjo São Miguel, tornai-nos dignos, nós vo-lo pedimos, de sermos preservados de todos os nossos inimigos, a fim de que na hora da nossa morte nenhum deles nos possa inquietar, mas que nos seja dado de sermos introduzidos por ele na presença da Vossa poderosa e augusta Majestade, pelos merecimentos de Jesus Cristo, Nosso Senhor.  
<br/>
Consagração a São Miguel Arcanjo
<br/>
Ó Príncipe nobilíssimo dos Anjos, valoroso guerreiro do Altíssimo, zeloso defensor da glória do Senhor, terror dos espíritos rebeldes, amor e delícia de todos os Anjos justos, meu diletíssimo Arcanjo São Miguel, desejando eu fazer parte do número dos vossos devotos e servos, a vós hoje me consagro, me dou e me ofereço e ponho-me a mim próprio, a minha família e tudo o que me pertence, debaixo da vossa poderosíssima proteção.  É pequena a oferta do meu serviço, sendo como sou um miserável pecador, mas vós engrandecereis o afeto do meu coração, recordai-vos que de hoje em diante estou debaixo do vosso sustento e deveis assistir-me em toda a minha vida e obter-me o perdão dos meus muitos e graves pecados, a graça da amar a Deus de todo coração, ao meu querido Salvador Jesus Cristo e a minha Mãe Maria Santíssima, obtende-me aqueles auxílios que me são necessários para obter a coroa da eterna glória. Defendei-me dos inimigos da alma, especialmente na hora da morte. Vinde, ó príncipe gloriosíssimo, assistir-me na última luta e com a vossa arma poderosa lançai para longe, precipitando nos abismos do inferno, aquele anjo quebrador de promessas e soberbo que um dia prostrastes no combate no Céu.
<br/>
São Miguel Arcanjo, defendei-nos no combate para que não pereçamos no supremo juízo.',5);


INSERT or replace INTO ORACAO (TITULO,ORACAO,IDORACAO) VALUES ('Terço da Cruzada','
(como arma poderosa contra os poderes infernais)
<br/>
Creio em Deus Pai... 3 Ave-Marias... Glória ao Pai...
<br/>
NA PRIMEIRA DEZENA contemplamos como Jesus nos deu um exemplo brilhante na luta contra satanás e seu reino.
Pai-Nosso, 10 Ave-Marias, Glória ao Pai
<br/>
Ao final de cada dezena, reza-se este exorcismo:
<br/>
<br/>
“Levanta-se Deus, por intercessão da Bem-Aventurada Virgem Maria, de São Miguel Arcanjo, de todas as milícias celestes e sejam dispersos seus inimigos e fujam de sua face todos os que O odeiam, em Nome do Pai, † do Filho, e do Espírito Santo. Amém”.
<br/>
<br/>
NA SEGUNDA DEZENA contemplamos como Jesus venceu a morte e o inferno pela sua paixão e morte na cruz.
<br/>
<br/>
NA TERCEIRA DEZENA contemplamos a cruz de Cristo, que se tornou sinal de terror para satanás.
<br/>
<br/>
NA QUARTA DEZENA contemplamos como Jesus deu á Virgem Maria a força de esmagar a cabeça da serpente infernal.
<br/>
<br/>
NA QUINTA DEZENA contemplamos como Jesus deu á Virgem Maria o poder sobre satanás por todos os tempos.
',6);

 
INSERT or replace INTO ORACAO (TITULO,ORACAO,IDORACAO) VALUES ('LADAINHA DE NOSSA SENHORA','
Senhor, tende pidedade de nós
Cristo, tende pidedade de nós
Senhor, tende pidedade de nós
Cristo, ouvi-nos
Cristo, atendei-nos
Deus Pai do céu, tende piedade de nós
Deus Filho Redentor do mundo, tende piedade de nós
Deus Espírito Santo, tende piedade de nós
Santíssima Trindade, que sois um só Deus, tende piedade de nós
<br/>
<br/>
Santa Maria, rogai por nós.
Santa Mãe de Deus, 
Santa Virgem das virgens, 
Mãe de Cristo,
Mãe da Igreja
Mãe da divina graça, 
Mãe puríssima, 
Mãe castíssima, 
Mãe sempre virgem,
Mãe imaculada, 
Mãe digna de amor, 
Mãe admirável, 
Mãe do bom conselho, 
Mãe do Criador, 
Mãe do Salvador, 
Virgem prudentíssima,
Virgem venerável,
Virgem louvável, 
Virgem poderosa, 
Virgem clemente, 
Virgem fiel,
Espelho de perfeição, 
Sede da Sabedoria, 
Fonte de nossa alegria, 
Vaso espiritual, 
Tabernáculo da eterna glória,
Moradia consagrada a Deus, 
Rosa mística, 
Torre de Davi, 
Torre de marfim,
Casa de ouro,
Arca da aliança,
Porta do céu,
Estrela da manhã,
Saúde dos enfermos,
Refúgio dos pecadores, 
Consoladora dos aflitos,
Auxílio dos cristãos,
Rainha dos Anjos, 
Rainha dos Patriarcas,
Rainha dos Profetas,
Rainha dos Apóstolos,
Rainha dos Mártires,
Rainha dos confessores da fé,
Rainha das Virgens,
Rainha de todos os Santos,
Rainha concebida sem pecado original,
Rainha assunta ao céu,
Rainha do santo Rosário,
Rainha da paz.
<br/>
<br/>
Cordeiro de Deus, que tirais os pecados do mundo, perdoai-nos, Senhor.
<br/>
Cordeiro de Deus, que tirais os pecados do mundo, ouvi-nos, Senhor.
<br/>
Cordeiro de Deus, que tirais os pecados do mundo, tende piedade de nós.
<br/>
Rogai por nós, santa Mãe de Deus.
<br/>
Para que sejamos dignos das promessas de Cristo
',7);
INSERT or replace INTO ORACAO (TITULO,ORACAO,IDORACAO) VALUES ('Ladainha Sagrada Família','

<br/>
Jesus, Salvador do mundo,
<br/>
Jesus, Filho de Maria e irmão nosso,
<br/>
Jesus, tesouro e delicia da Sagrada Família,
<br/>
Tende piedade de nós.
<br/>
Santa Maria, Rainha dos céus,
<br/>
Santa Maria, Mãe de Jesus e nossa doce Mãe,
<br/>
Santa Maria, ornamento e alegria da Sagrada Família,
<br/>
São José, pai legal de Jesus,
<br/>
São José, Casto esposo de Maria,
<br/>
São José, guia e amparo da Sagrada Família, rogai por nós.
<br/>
Sagrada Família, de baixo da proteção nos temos consagrado a Deus,
<br/>
Sagrada Família, que temos tomado por modelo,
<br/>
Sagrada Família, predileta do pai celestial,
<br/>
Sagrada Família, conduzida pelo Espírito Santo,
<br/>
Sagrada Família, santificada pela presença do Filho de Deus,
<br/>
Sagrada Família, terror do inferno,
<br/>
Sagrada Família, asilo de todas as virtudes,
<br/>
Sagrada Família, Santuário da Divina Trindade,
<br/>
Sagrada Família, precioso Tabernáculo de Deus vivo,
<br/>
Sagrada Família, escondida e ignorada sobre a terra,
<br/>
Sagrada Família, pobre e laboriosa,
<br/>
Sagrada Família, modelo de paciência e resignação,
<br/>
Sagrada Família, alegria nas tribulações,
<br/>
Sagrada Família, venerada pelos pastores,
<br/>
Sagrada Família, honrada pelos Magos,
<br/>
Sagrada Família, por Herodes perseguida,
<br/>
Sagrada Família, pelos judeus depreciada,
<br/>
Sagrada Família, desejada pelos Patriarcas,
<br/>
Sagrada Família, pelos anjos respeitada,
<br/>
Sagrada Família, modelo de todos os Santos,
<br/>
Sagrada Família, ornamento da celestial Jerusalém, esteja sempre conosco.
<br/>
Sede-nos propicia,
<br/>
socorrei-nos em todos os perigos da alma e corpo,
<br/>
Sede nosso refúgio contra os males que nos cercam,
<br/>
Sede nossa força nos combates e provas,
<br/>
Sede nos forte muro contra os ataques do inimigo de nossa saúde,
<br/>
Sede nossa esperança nesta vida e nosso consolo na hora da morte,
<br/>
Sede eficaz protetora daqueles que Vos invocam com verdadeira confiança,
<br/>
Sede medianeira dos que morrem no Senhor e advogada dos pecadores perante o Soberano Jesus,
<br/>
Sede liberadora das almas detidas no purgatório e saúde dos que esperam em Vos,
<br/>
Sede sempre sustento dos débeis e ajuda dos imperfeitos,
<br/>
Sede sempre protetora de nossa Família e de toda a sociedade,
<br/>
Sede sempre espelho dos cristãos, modelo dos justos,
<br/>
Sede sempre consoladora dos aflitos e refúgio de vossos devotos,
<br/>
Sede sempre apoio e defesa dos que se tem consagrado a vosso serviço,
<br/>
Vos rogamos, ouvi-nos.
<br/>
V- Sagrada Família, sede glorificada em todos os séculos.
<br/>
R- Reinai para sempre em todos os corações.
<br/>
<br/>
Oração:
<br/>
Divino Salvador, bendigo todas nossas obras, recompensai de uma maneira digna de Vós a todos os que trabalham por vossa Glória, concedei a paz e a vida eterna a nossos irmãos mortos.
<br/>
concedei também a vossos operários as graças que lhes são necessárias para a conversão dos pecadores, santificação dos justos e aumento de vossa cristã Família, a fim de que sejais conhecido e glorificado por todas as criaturas com Maria e José, e reinais em todos os Corações agora e sempre,
<br/>
Oh! Vós que viveis e reinais com Deus Pai, em unidade do Espírito Santo, por todos os séculos. Amém.

',8);



INSERT or replace INTO ORACAO (TITULO,ORACAO,IDORACAO) VALUES ('Consagração a Nossa Senhora','
Ó Senhora minha, ó minha Mãe,
eu me ofereço todo(a) a vós,
e em prova da minha devoção para convosco,
Vos consagro neste dia e para sempre, 
os meus olhos, os meus ouvidos,
a minha boca, o meu coração e inteiramente todo o meu ser.
E porque assim sou vosso , 
ó incomparável Mãe, 
guardai-me e defendei-me como propriedade vossa.
Lembrai-vos que vos pertenço, terna Mãe, Senhora nossa.
Ah, guardai-me e defendei-me como coisa própria vossa.
',9);

INSERT or replace INTO ORACAO (TITULO,ORACAO,IDORACAO) VALUES ('Ladainha do Imaculado Coração de Maria','
Senhor, tende piedade de nós.
<br/>
Cristo, tende piedade de nós.
R/. Senhor, tende piedade de nós.
<br/>
Jesus Cristo, ouvi-nos.
R/. Jesus Cristo, atendei-nos.
<br/>
Deus, Pai dos Céus, tende piedade de nós.
Deus Filho, Redentor do mundo,
Deus Espírito Santo,
Santíssima Trindade, que sois um só Deus,
<br/>
<br/>
Coração de Maria, concebido sem pecado, rogai por nós.<br/>
Coração de Maria, cheio de graça
<br/>
Coração de Maria, bendito entre todos os corações
<br/>
Coração de Maria, sacrário da Santíssima Trindade,
<br/>
Coração de Maria, semelhantíssimo ao Coração de Jesus,
<br/>
Coração de Maria, no qual Jesus bem se compraz,
<br/>
Coração de Maria, abismo de humildade,
<br/>
Coração de Maria, trono de misericórdia,
<br/>
Coração de Maria, incêndio de amor divino,
<br/>
Coração de Maria, oceano de bondade,
<br/>
Coração de Maria, prodígio de pureza e de inocência,
<br/>
Coração de Maria, espelho de todas as perfeições divinas,
<br/>
Coração de Maria, no qual o Sangue de Jesus, preço de nossa redenção, foi formado,
<br/>
Coração de Maria, que apressastes por vossos desejos a salvação do mundo,
<br/>
Coração de Maria, que obtendes graças para os pecadores,
<br/>
Coração de Maria, que conservais fidelissimamente as palavras e as ações de Jesus,
<br/>
Coração de Maria, transpassado por um gládio de dor,
<br/>
Coração de Maria, acabrunhado de aflição durante a Paixão de Jesus Cristo,
<br/>
Coração de Maria, pregado à Cruz com Jesus crucificado,
<br/>
Coração de Maria, sepultado pela dor com Jesus morto,
<br/>
Coração de Maria, restituído à alegria pela Ressurreição de Jesus,
<br/>
Coração de Maria, inundado de inefável consolação na Ascensão de Jesus,
Coração de Maria, cumulado de uma nova plenitude de graças na descida do Espírito Santo,
<br/>
Coração de Maria, consolação dos aflitos,
<br/>
Coração de Maria, refúgio dos pecadores,
<br/>
Coração de Maria, esperança e doce sustentáculo daqueles que Vos veneram,
<br/>
Coração de Maria, socorro dos agonizantes,
<br/>
Coração de Maria, alegria dos Anjos e dos Santos,
<br/>
<br/>
Cordeiro de Deus, que tirais os pecados do mundo,
R/ perdoai-nos, Senhor.
<br/>
Cordeiro de Deus, que tirais os pecados do mundo,
R/ atendei-nos, Senhor.
<br/>
Cordeiro de Deus, que tirais os pecados do mundo,
R/ tende piedade de nós.
<br/>
V/ Maria Imaculada, mansa e humilde de coração,
R/ fazei meu coração semelhante ao Coração de Jesus.
<br/>
<br/>
Oremos. 
<br/>
Deus clementíssimo que, para salvação dos pecadores e alívio dos desvalidos, quisestes que o Imaculado Coração da Bem-Aventurada Virgem Maria fosse idêntico em caridade e misericórdia ao Divino Coração de seu Filho Jesus Cristo, concedei-nos, a nós que celebramos esse dulcíssimo e amantíssimo Coração, a graça de - pelos méritos e intercessão da mesma Bem-aventurada Virgem - nos tornarmos conformes ao Coração de Jesus. Por Cristo Nosso Senhor. Amém.
',10);

INSERT or replace INTO ORACAO (TITULO,ORACAO,IDORACAO) VALUES ('Ato de Consagração ao Imaculado Coração de Maria','
Oh! Maria, Mãe de Deus e nossa Mãe,
 Rainha do céu e refúgio dos pecadores,
 ao Vosso Coração Imaculado consagramos nossa vida,
 todo nosso ser, tudo o que temos, tudo o que amamos,
 tudo o que somos. A Vós pertencem nossos lares, nossa pátria.
 <br/>
 <br/>
 Queremos que seja vosso, e participe dos benefícios de vossas bençãos maternais,
 tudo o que existe em nós, e ao redor de nós. E para que esta Consagração seja realmente eficaz e duradoura,
 renovamos hoje, aqui aos vossos pés, oh! Maria,
 as promessas do nosso batismo e da nossa primeira comunhão.
<br/>
<br/>
 Comprometemo-nos a professar, corajosamente e sempre,
 as verdades da fé, e a viver como católicos, submissos à sua Santidade,
 o Papa e aos Bispos em comunhão com ele. Comprometemo-nos a observar os Mandamentos de Deus e da Igreja,
 particularmente a santificação do Domingo. considerai e depois fazei o que Vos disser o Coração.

 <br/><br/>
 Deixai Vosso Coração agir. conto com Ele, confio nEle e a Ele me entrego. Queremos empenhar-nos,
 ó gloriosa Mãe de Deus e nossa Mãe, para que o Reino de Cristo, vosso Filho, seja uma presença em nossas almas na terra como no céu.
 Queremos oferecer cinqüenta rosas pela reza do terço, meditando sobre os mistérios do Santo Rosário. Amém.
',11);

INSERT or replace INTO ORACAO (TITULO,ORACAO,IDORACAO) VALUES ('Ato de Consagração aos Sagrados Corações','

Sagrados corações de Jesus e Maria, a Vós me consagro,
 para sempre, minha pessoa e toda minha família.
 A Vós fazemos a entrega de tudo o que somos e de tudo o que nos pertence: nosso ser, nossa vida, nosso casa e nossapátria.
 Em vossa benignidade, dignai-vos aceitar este nosso humilde e sincero ato de Consagração,
 mediante o qual queremos esforçarmos em sermos fiéis cumpridores de vossa Santa Lei, vencendo toda classe de respeito humano. 
 Sob vosso amparo depositamos toda nossaesperança, seguros de vosso auxilio e benção.
<br/>
<br/>
Coração Sagrado de Jesus em Vós confio!
<br/>
<br/>
Coração Imaculado de Maria, sede nossa salvação!
',12);

INSERT or replace INTO ORACAO (TITULO,ORACAO,IDORACAO) VALUES ('Consagração Monfortina ao Imaculado Coração de Maria','

Oh! Sabedoria eterna e encarnada, amabilíssimo e adorável Jesus, verdadeiro Deus e verdadeiro homem, Filho único do Eterno Pai e de Maria sempre Virgem! Eu Vos adoro profundamente no seio e nos esplendores de Vosso Pai,
 durante a eternidade, e no seio virginal de Maria, Vossa digníssima Mãe, no tempo da Vossa Encarnação. Dou-Vos graças por Vos terdes aniquilado a Vós mesmo,
 tomando a forma de um escravo para libertar-me da cruel escravidão do demônio. Eu Vos louvo e glorifico por terdes querido submeter-Vos em tudo a Maria, Vossa santa Mãe,
 a fim de tornar-me, por Ela, Vosso fiel escravo. Mas eis que, ingrato e infiel como sou, não tenho cumprido as promessas e votos que tão solenemente Vos fiz no meu batismo,
 não tenho cumprido os meus deveres e não mereço ser chamado Vosso filho e nem Vosso escravo. E como nada há em mim que não mereça a Vossa repulsa e a Vossa cólera,
 já não ouso aproximar-me, sozinho, da vossa santíssima e augustíssima Majestade. Recorro, pois, à intercessão e a misericórdia de Vossa Santa Mãe que me destes para Medianeira junto de Vós,
 é por intermédio dEla que espero obter de Vós a contrição e o perdão dos meus pecados, a aquisição e a conservação da Sabedoria. Eu Vos saúdo, pois, oh! Maria Imaculada,
 tabernáculo vivo da Divindade, onde a Sabedoria eterna escondida quer ser adorada pelos Anjos e pelos homens Eu Vos saúdo, oh! Rainha do céu e da terra, a cujo império está sujeito tudo o que existe abaixo de Deus. Eu Vos saúdo,
 oh! Refúgio seguro dos pecadores, cuja misericórdia a ninguém jamais faltou. Atendei aos desejos que tenho da divina Sabedoria e recebei,
 para isso, os votos e ofertas que a minha baixeza Vos apresenta. Eu, (Nome)., pecador infiel, renovo e ratifico hoje nas Vossas mãos,
 as promessas do meu batismo. Renuncio para sempre a satanás, às suas pompas e suas obras e dou-me inteiramente a Jesus Cristo, Sabedoria encarnada,
 para segui-Lo, carregando a minha cruz todos os dias da minha vida, e para Lhe ser mais fiel do que fui no passado. Escolho-Vos, hoje, oh! Maria,
 na presença de toda a corte celeste, para minha Mãe e Senhora, entrego-Vos e consagro-Vos, na qualidade de escravo, o meu corpo e a minha alma,
 os meus bens interiores e exteriores e até o próprio valor das minhas boas obras passadas
 , presentes e futuras, deixando-Vos pleno e total direito de dispor de mim e de tudo o que me pertence, sem exceção alguma,
 segundo o Vosso agrado e para maior glória de Deus, no tempo e na eternidade. Recebei, oh! Virgem benigna, esta pequena oferta da minha escravidão,
 em união e em honra da submissão que a Sabedoria eterna quis ter da Vossa maternidade em homenagem ao poder que ambos tendes sobre este verme e miserável pecador,
 e em ação de graças pelos privilégios com que a Santíssima Trindade Vos favoreceu. Prometo que, de hoje em diante, desejo, como Vosso verdadeiro escravo,
 procurar a Vossa honra e obedecer-Vos em tudo. Oh! Mãe admirável, apresentai-me ao Vosso querido Filho na qualidade de escravo eterno a fim de que,
 tendo-me resgatado por Vós, por Vós me receba. Oh! Mãe de misericórdia, concedei-me a graça de alcançar a verdadeira Sabedoria de Deus e de colocar-me,
 por isso, no número daqueles que amais, ensinais, guiais, alimentais e protegeis como vossos filhos e escravos. oh! Virgem fiel, tornai-me em tudo um tão perfeito discípulo,
 imitador e escravo da Sabedoria encarnada, Jesus Cristo,
 Vosso Filho, que eu chegue, por Vossa intercessão e segundo o Vosso exemplo, à plenitude da Sua idade na terra e da Sua glória no Céu. Assim seja.
',13);

INSERT or replace INTO ORACAO (TITULO,ORACAO,IDORACAO) VALUES ('Coroa das Glórias da Virgem Maria','
Creio, Pai Nosso, Ave Maria, Glória.
Bendizemos-te Santíssima Virgem, pela Tua Imaculada Conceição! Livra-nos de todo o pecado e guarda o nosso coração para Deus. (Ave Maria).
<br/>
<br/>
ORAÇÕES
<br/>
Bendizemos-te Santíssima Virgem, pela Tua Virgindade perpétua! Por esse mérito, conserva a nossa alma pura e casta, para nela receber Jesus e a Ti. (Ave Maria).
Bendizemos-te Santíssima Virgem, pela Tua maternidade divina! És a Mãe Santa do Deus altíssimo. Concede-nos a graça de sermos filhos fiéis do Senhor. (Ave Maria).
Bendizemos-te Santíssima Virgem, porque És a predileta Filha de Deus, Bendita entre todas as mulheres, e cheia de graça! Dá-nos ser sempre repletos da graça de Deus. (Ave Maria).
Bendizemos-te Santíssima Virgem, Esposa fiel do Espírito Santo, que gerou Jesus em Ti! Concede- nos a graça de sermos renovados pelo Espírito do Senhor, e repletos dos Seus dons e frutos. (Ave Maria).
Bendizemos-te Santíssima Virgem, pois esmagaste satanás e todas as heresias em todos os tempos! Livra-nos Mãe Santíssima, das seduções, tentações e ciladas do inimigo. (Ave Maria).
Bendizemos-te Santíssima Virgem, pela submissão de Jesus a Ti, na terra e no céu! Concede-nos a graça da filial submissão a Deus e a ti. (Ave Maria).
Bendizemos-te Santíssima Virgem, porque És a Medianeira de todas as Graças. És o caminho escolhido por Deus para vir a nós, e também o caminho pelo qual devemos ir a Deus. Dá-nos a graça da salvação. (Ave Maria).
Bendizemos-te Santíssima Virgem, porque És a Mãe da igreja e nossa Mãe. Jesus entregou-Te a nós aos pés da cruz, na hora da morte. Gera-nos em Ti para Jesus, e gera Jesus em nós. (Ave Maria).
Bendizemos-te Santíssima Virgem, pela Tua ressurreição e assunção ao céu de corpo e alma. Prepara-nos um lugar no céu junto de Jesus e de Ti. (Ave Maria).
Bendizemos-te Santíssima Virgem, por Tua coroação no céu pela Santíssima Trindade, como rainha do céu e da terra. Queremos ser servos perpétuos de Jesus por meio de Ti. (Ave Maria).
Bendizemos-te Santíssima Virgem, por todas as Tuas glórias e méritos, mais numerosos que as estrelas do céu. És o molde da santidade, o espelho da justiça, a sede da sabedoria, causa de nossa alegria, vaso espiritual, vaso honorífico, casa de ouro, arca da aliança, porta do céu, refúgio dos pecadores, consolação dos aflitos, auxílio dos cristãos... Dá-nos a Tua benção! (Glória, Magníficat).
<br/>
<br/>
Magnificat
Minha alma engrandece o Senhor, e meu espírito exulta de alegria em Deus, meu Salvador, porque olhou para a humilhação de sua serva. Sim! Doravante as gerações todas me chamarão de bem­aventurada, pois o Todo­ poderoso fez grandes coisas em meu favor. Seu nome é santo e sua misericórdia perdura de geração em geração, para aqueles que o temem. Agiu com a força de seu braço, dispersou os homens de coração orgulhoso. Depôs poderosos de seus tronos, e a humildes exaltou. Cumulou de bens a famintos e despediu ricos de mãos vazias. Socorreu Israel, seu servo, lembrado de sua misericórdia ­conforme prometera a nossos pais ­em favor de Abraão e de sua descendência para sempre!
 <br/>
 <br/>
Oremos
<br/>
Ave Maria,Filha de Deus Pai. Ave Maria Mãe de Deus Filho.Ave Maria, Esposa do Espírito Santo. Ave Maria, Templo da Saníssima Trindade. Ave Maria, Senhora minha, meu bem, meu amor. Rainha do meu  coração, Minha, vida, doçura e esperança minha, muito querida, meu caração e minha alma.
Sou todo Vosso, e tudo o que possuo Vosso.Ó Virgem, sobre todos  bendita. Estai, pois, em minha alma, para engrandecer ao Senhor, estai em mim  o Vosso Espírito, para rejubilar em Deus. Colocai-Vos, ó Virgem Fiel, como selo sobre o meu coração, para que em Vós e por Vós seja eu achado fiel a Deus.
Concedei ó Mãe de misericórdia, que me encontre no número dos que amais, ensinais, guiais, sustentais e protegeis como filhos. Dizei para que eu, por Vosso amor, despreze todas as consolações da terra e aspire somente as celestes, até, que para a glória do Pai, Jesus Cristo Vosso Filho, seja formado em mim pelo Espírito Santo, Vosso Esposo fidelíssimo, e por Vós Sua Esposa muito fiel. Assim seja.

',14);

INSERT or replace INTO ORACAO (TITULO,ORACAO,IDORACAO) VALUES ('Terço das Lágrimas de Sangue de Maria Rosa Mística','
<br/>
Rezai o terço das lágrimas de sangue todos os dias e espalhai-o, para que o mundo se converta e tenha paz.
<br/>
"O inimigo foge onde ele é rezado"( Palavras da querida Mãe de Deus ).
<br/>
<br/>
Oração:
<br/>
Jesus crucificado: Prostrado aos vossos pés, oferecemo-vos as lágrimas de sangue daquela que com grande amor compadecente vos acompanhou no caminho da cruz, tão doloroso.
<br/>
Bom mestre, fazei que tomemos a peito os ensinaimentos das lágrimas de sangue da vossa Santíssima Mãe, para que cumpramos vossa santa vontade na terra assim que sejamos dignos de glorificar-vos eternamente no céu. Amém.
<br/>
Sete mistérios: Meditar nas Sete Dores de Nossa Senhora.
<br/>
Primeira Dor:
<br/>
Apresentação de meu Filho no templo.
<br/>
Segunda Dor:

A fuga para o Egito.
<br/>
Terceira Dor:

Perda do Menino Jesus.
<br/>
Quarta Dor:

Doloroso encontro no caminho do Calvário.
<br/>
Quinta Dor:

Aos pés da Cruz.
<br/>
Sexta Dor:

Uma lança atravessa o Coração de Jesus.
<br/>
Sétima Dor:
<br/>
Jesus é sepultado.
<br/>
Nas contas grandes:
<br/>
Oh! Jesus, olhai para as lágrimas de sangue daquela que mais Vos amou no mundo e Vos ama mais intensamente no céu.
<br/>
Em vez da Ave-Maria, reza-se sete vezes:
<br/>
Oh! Jesus, atendei às nossas súplicas: em virtude das lágrimas de sangue da Vossa Mãe Santíssima.
<br/>
No final do terço reza-se três vezes:
<br/>
Oh! Jesus, olhai para as lágrimas de sangue daquela que mais Vos amou no mundo e Vos ama mais intensamente no céu.
<br/>
Oh! Maria, Mãe do amor, das dores e da misericórdia, nós vos pedimos, uni as vossas súplicas com as nossas, para que Jesus, Vosso Divino Filho, a quem nós nos dirigimos, atenda os nossos pedidos, em nome das Vossas lágrimas de sangue, concedendo-nos com as graças pedidas a coroa da vida eterna. Amém.
<br/>
As Vossas lágrimas de sangue, oh! Mãe Dolorosa, fazem fracassar a soberania do inferno!
<br/>
Por vossa maNossa Senhoraidão divina, oh! Jesus algemado, preservai o mundo da catástrofe eminente!
',15);

INSERT or replace INTO ORACAO (TITULO,ORACAO,IDORACAO) VALUES ('Reparação das blasfêmias contra o Imaculado Coração de Maria','

<br/>
Oh! Maria, minha Mãe Santíssima, desejando desagravar-Vos das ofensas que o Vosso Coração Doloroso e Imaculado recebe, e em especial das blasfêmias que se dirigem contra Vós, ofereço-Vos estes pobres louvores com o fim de Vos consolar por tantos filhos ingratos que não Vos amam, e consolar o Coração Santíssimo de Jesus, Vosso Filho e Senhor nosso, a quem tanto ofendem e entristecem as injúrias feitas contra Vós.
<br/>
Dignai-Vos, Mãe Dulcíssima, receber este meu pobre e humilde obséquio, fazei que Vos ame e me sacrifique por Vós, cada vez mais, e olhai com olhos de misericórdia para tantos infelizes a fim de que não tardem em acolher-se, arrependidos, ao Vosso colo maternal. Amém.
<br/>
Bendito seja Deus!
<br/>
Bendita a excelsa Mãe de Deus, Maria Santíssima!
<br/>
Bendita a Sua Santa e Imaculada Conceição!
<br/>
Bendita a Sua gloriosa Assunção!
<br/>
Bendito seja o Nome de Maria, Virgem e Mãe!
<br/>
Bendito o Seu Imaculado e Doloroso Coração!
<br/>
Bendita a Sua Pureza Virginal!
<br/>
Bendita a Sua Divina Maternidade!
<br/>
Bendita a Sua Mediação Universal!
<br/>
Benditas as Suas Lágrimas e as Suas Dores!
<br/>
Benditas as graças com que o Senhor A coroou Rainha dos Céus e da Terra!
<br/>
Glória a Maria Santíssima, Filha Primogênita do Pai!
<br/>
Glória a Maria Santíssima, Mãe Imaculada do Filho!
<br/>
Glória a Maria Santíssima, Esposa Virginal do Espírito Santo!
<br/>
Virgem Santíssima, minha boa e terna Mãe, eu Vos amo pelos que não Vos amam; eu Vos louvo pelos que Vos blasfemam,
<br/>
Entrego-me totalmente a Vós, pelos que não querem reconhecer-Vos por sua Mãe. Ave-Maria.
<br/>
Oh! Maria concebida sem pecado, rogai por nós que recorremos a Vós.
<br/>
Coração Imaculado de Maria, sede a nossa salvação!
<br/>
Ato de Reparação ao Imaculado Coração de Maria
<br/>
Oh! Imaculado Coração de Maria, traspassado de dor pelas injúrias com que os pecadores ultrajam vosso Santíssimo nome e vossas excelsas prerrogativas! Aqui tendes, prostrado a vossos pés, um indigno filho vosso que, agoniado pelo peso de suas próprias culpas, vem arrependido e choroso, e com animo de ressarcir as injúrias que, a modo de penetrantes flechas, dirigem contra Vós homens insolentes e malvados. Desejo reparar, com este ato de amor e Consagração que faço diante de vosso amantíssimo Coração, todas as blasfêmias que se lançam contra vosso augusto nome, todos os agravos que se inferem a vossas excelsas prerrogativas e todas as ingratidões com que os homenscorrespondem a vosso maternal amor e inesgotável misericórdia. Aceitai,Oh! Coração Imaculado!, esta pequena demonstração de meu filial carinho e justo reconhecimento, junto com o firme propósito que faço de ser-vos fiel daqui em adiante, de sair para defender vossa honra quando a veja ultrajada e de propagar vosso culto e vossas glórias. Concedei-me, Oh! Coração amabilíssimo!, que viva e cresça incessantemente em vosso santo amor, até ve-lo consumado na glória. Amém.
<br/>
Rezar três Ave-Marias em honra do poder, sabedoria e misericórdia do Imaculado Coração de Maria, menosprezado pelos homens
<br/>
Terminar com as seguintes jaculatórias:
<br/>
Oh! Coração Imaculado de Maria, compadecei-vos de nós!
<br/>
Refúgio dos pecadores, rogai por nós.
<br/>
Oh! doce Coração de Maria, sede a minha salvação!
<br/>
Ave-Maria, Pai-Nosso e glória pelas intenções do Santo Papa.
<br/>
Ato de desagravo ao Imaculado Coração de Maria
<br/>
Oh! Coração Doloroso e Imaculado de Maria, transpassado de dor pelas injúrias com que os pecadores ultrajam vosso santo nome e vossas excelsas prerrogativas, Eis prostrado aos vossos pés vosso indigno filho, que, oprimido pelo peso das próprias culpas, vem arrependido com ânimo de reparar as injúrias que, à maneira de penetrantes setas dirigem contra vós os homensousados e perversos. Desejo reparar com esse ato de amor e submissão que faço perante o vosso coração amantíssimo, todas as blasfêmias que proferem contra o vosso Augusto nome, todas as ofensas que fazem às vossas excelsas virtudes e todas as ingratidões com que os homenscorrespondem ao vosso maternal amor e inesgotável misericórdia. Aceitai, oh! Coração Imaculado, esta demonstração de meu fiel carinho e justo reconhecimento, com o firme propósito que faço de ser-vos fiel todos os dias de minha vida, de defender vossa honra quando a veja ultrajada e de propagar com entusiasmo vosso culto e vossas glórias.
Rezar três Ave-Marias em honra ao poder, sabedoria e misericórdia do puríssimo Coração de Maria, desprezado pelos homens

',16);
INSERT or replace INTO ORACAO (TITULO,ORACAO,IDORACAO) VALUES ('Oração a Nossa Senhora do Desterro','
Ó Bem-aventurada Virgem Maria, Mãe de Nosso Senhor Jesus Cristo,
 Rainha do céu e da terra, advogada dos pecadores, auxiliadora dos cristãos,
 desterradora das indigências, das calamidades, dos inimigos corporais e espirituais,
 dos maus pensamentos, das cenas terríveis do dia do juízo, das pragas, das bruxarias, dos malfeitores, 
 ladrões, arrombamentos, assaltantes e assassinos. Minha amada mãe, eu prostrado agora aos vossos pés,
 cheio de arrependimento das minhas pesadas culpas, por vosso intermédio, imploro perdão ao boníssimo Deus.
 Rogai ao vosso Divino Jesus, por nossas famílias, para que Ele desterre de nossas vidas todos estes males,
 nos dê perdão de nossos pecados e que nos enriqueça de Sua divina graça e misericórdia. Cobrí-nos com o vosso manto maternal e desterrai de todos nós,
 todos os males e maldições. Afugentai de nós a peste e os desassossegos. Possamos por vosso intermédio obter a cura de todas as doenças,
 encontrar as portas do céu abertas e ser felizes por toda a eternidade. Amém.
Reza-se 7 Pai nossos, 7 Ave Marias e 1 Credo ao Sagrado Coração de Jesus e pelas 7 dores de Maria Santíssima.
- Nossa Senhora do Desterro, rogai por nós!
',17);
INSERT or replace INTO ORACAO (TITULO,ORACAO,IDORACAO) VALUES ('Oração a Nossa Senhora Desatadora dos Nós','

Virgem Maria, Mãe do belo amor, 
Mãe que jamais deixa de vir 
em socorro a um filho aflito, 
Mãe cujas mãos não param nunca 
de servir seus amados filhos, 
pois são movidas pelo amor divino 
e a imensa misericórdia 
que existem em teu coração, 
volta o teu olhar compassivo sobre mim 
e vê o emaranhado de nós 
que há em minha vida. 
Tu bem conheces o meu desespero, 
a minha dor e o quanto estou amarrado 
por causa destes nós. 
Maria, Mãe que Deus 
encarregou de desatar os nós 
da vida dos seus filhos, 
confio hoje a fita da minha vida em tuas mãos. 
Ninguém, nem mesmo o maligno 
poderá tirá-la do teu precioso amparo. 
Em tuas mãos não há nó 
que não poderá ser desfeito. 
Mãe poderosa, por tua graça 
e teu poder intercessor 
junto a Teu Filho e Meu Libertador, Jesus, 
recebe hoje em tuas mãos este nó......... 
Peço-te que o desates para a glória de Deus, 
e por todo o sempre. 
Vós sois a minha esperança. 
Ó Senhora minha, 
sois a minha única consolação dada por Deus, 
a fortaleza das minhas débeis forças, 
a riqueza das minhas misérias, a liberdade, 
com Cristo, das minhas cadeias. 
Ouve minha súplica. 
Guarda-me, guia-me, 
protege-me, ó seguro refúgio!
Maria, Desatadora dos Nós, roga por mim.
',18);

INSERT or replace INTO ORACAO (TITULO,ORACAO,IDORACAO) VALUES ('Oração São Camilo','
Piedosíssimo São Camilo que, chamado por Deus para ser o amigo dos pobres enfermos, consagrastes a vida inteira a assisti-los e confortá-los, contemplai do Céu os que vos invocam, confiados no vosso auxílio.
Doenças da alma e do corpo fazem de nossa pobre existência um acúmulo de misérias que tornam triste e doloroso este exílio terreno.
Aliviai-nos em nossas enfermidades, obtende-nos a santa resignação às disposições divinas, e na hora inevitável da morte confortai o nosso coração com as esperanças imortais da beatífica eternidade. Assim seja.
Glória ao Pai. (três vezes)
São Camilo de Léllis, rogai por mim. (três vezes)
',19);

INSERT or replace INTO ORACAO (TITULO,ORACAO,IDORACAO) VALUES ('Coroa de São José','
Para implorar seu auxílio em qualquer necessidade
Louvemos de todo o coração o Senhor Deus nosso, honrando e recomendando-nos com muito fervor a São José, escolhido para a dignidade mais alta e excelente, depois da divina maternidade. Por todos os séculos dos séculos.
Louvemos e demos graças à Trindade generosíssima, por ter adornado o glorioso Patriarca São José, mais que nenhum outro santo, com seus celestes dons divinos e carismas. Por todos os séculos dos séculos.
Louvemos e demos graças à Trindade bondosíssima, por ter constituído o glorioso São José sobre sua família, e havê-lo instituído em nosso favor, fiel administrador de todos os seus bens. Por todos os séculos dos séculos.
Louvado, exaltado e glorificado seja o Pai Eterno, por ter escolhido o excelso São José para que junto ao Filho de Deus, fizesse suas vezes na terra, e por lhe ter dado um coração amoroso e paternal para com o divino Filho, e supliquemos-lhe com grande fervor e profundíssima humildade, nos conceda benignamente o que tanto desejamos. Amém. Pai-Nosso, Ave-Maria, Glória
Louvado, exaltado e glorificado seja o Filho Unigênito, por ter recebido o excelso São José por seu Pai adotivo, e infundido em seu coração um cuidado amoroso e diligente para zelar por sua vida, alimentá-lo, vesti-lo e defendê-lo, E supliquemos-lhe confiantemente nos conceda a graça de que tanto necessitamos. Amém. Pai-Nosso, Ave-Maria, Glória
Louvado, exaltado e glorificado seja o Espírito Divino, que no egrégio São José deu à Virgem Imaculada um esposo castíssimo, muito semelhante à celeste Senhora, e fiel custódio da sua virgindade, enchendo ao mesmo tempo o coração do ilustre Patriarca de muito amor e grande estima do tesouro que lhe tinha confiado, E roguemos-lhe e até importunemo-lo humildemente e com afeto de filhos, para conseguir a graça de que tanto precisamos, que tanto desejamos, e pela qual tanto suspiramos. Amém. Pai-Nosso, Ave-Maria, Glória
Oração:Oh! glorioso São José, a quem o Pai Eterno comunicou sua paternidade, o Filho divino honrou com esta mesma qualidade e o Espírito Santo escolheu para ser esposo de sua mesma Esposa, Eu vos felicito e vos dou mil parabéns, porque fostes levantado a tão alta dignidade e adornado de tantas graças. Mas lembrai-vos oh! glorioso Santo, que de alguma maneira também sois nosso pai, porque o sois de Jesus, nosso irmão maior. Não esqueçais ainda que sois verdadeiro esposo de nossa Mãe muita amada e por esse mesmo título também pai dos filhinhos daquele Coração Imaculado. Ora, cheios de confiança filial, erguemos hoje os olhos e os fitamos nesse vosso rosto bondosíssimo, e a Vós bradamos na presente necessidade, bem assim como os pintinhos constantemente bradam por suas mães, e ainda com muito mais razão, porque não há amor de mãe, por extremosa que seja, que iguale nem se possa comparar ao amor que Vós nos tendes. Lançai, pois, um olhar amoroso para os que assim vos contemplam, e para os que a Vós clamam do fundo de seus corações. Compadeçam-se essas entranhas, já de si tão ternas, das necessidades em que nos encontramos. Oh! Pai amado, que nossas obras digam com o nome que levais, que significa acréscimo, desempenhai dignamente o título de Padroeiro e Protetor universal, que vos dá a Igreja. Fazei conosco segundo a multidão de vossas misericórdias, e sejam as obras garantia de vossos ofícios: fazei, enfim, como quem sois. Olhai, Pai misericordiosíssimo, que não mudastes de condição, que o vosso poder estende-se a todas as nossas necessidades, eia, zelai por vossa honra. E se tudo isto não bastar, vo-lo pedimos pelo grande amor que tivestes a vossa amada Esposa e ao bom Jesus, de cuja divina presença desejamos gozar convosco, por toda a eternidade, na celeste Jerusalém. Amém.
',20);

INSERT or replace INTO ORACAO (TITULO,ORACAO,IDORACAO) VALUES ('Rosário de São Miguel Arcanjo','
[* O Rosário de São Miguel Arcanjo,é um rosário especifico de 9 contas]
<br/>
Reza-se as 9 saudações (um Pai Nosso + três Ave-Marias cada), deixando para por fim as 4 contas, um Pai Nosso para cada Arcanjo, e seu Anjo da guarda, que seguem a medalha, toma-se a primeira conta grande da coroinha e reza-se a primeira saudação.) by Clevinho Maia
 <br/>
Método para rezar :
* Usando o pequeno Rosário de São Miguel Arcanjo de 9 contas, na conta pequena junto à medalha, reza-se:
<br/>
V. Deus vinde em nosso auxílio.
R. Senhor socorrei-nos e salvai-nos.
<br/>
V.Glória ao Pai e ao Filho e ao Espírito Santo.
R. Assim como era no princípio, agora e sempre. Amém.
<br/>
* Depois, deixando para o final as quatro contas que se seguem, toma-se a primeira conta grande do Rosário e reza-se a primeira saudação, Glória ao Pai e um Pai nosso, e nas três contas pequenas, três Ave-Marias, como segue:
<br/>
Primeira saudação:
Saudamos o primeiro coro dos Anjos, pedindo pela intercessão de São Miguel Arcanjo e do coro celeste dos Serafins, para que o Senhor nos torne dignos de sermos abrasados de uma perfeita caridade. Amém.
(um Pai Nosso, três Ave Maria, Glória ao Pai)
<br/>
Segunda saudação:
Saudamos o segundo coro dos Anjos, pedindo pela intercessão de São Miguel Arcanjo e do coro celeste dos Querubins para que o Senhor nos conceda a graça de fugirmos do pecado e procurarmos a perfeição cristã. Amém.
(um Pai Nosso, três Ave Maria, Glória ao pai)
<br/>
Terceira saudação:
Saudamos o terceiro coro dos Anjos, pedindo pela intercessão de São Miguel Arcanjo e do coro celeste dos Tronos, para que Deus derrame em nosso coração o espírito de verdadeira e sincera humildade. Amém.
(um Pai Nosso, três Ave Maria, Glória ao pai)
<br/>
Quarta saudação:
Saudamos o quarto coro dos Anjos, pedindo pela intercessão de São Miguel Arcanjo e do coro celestes das Dominações, para que o Senhor nos conceda a graça de dominar nossos sentidos e de nos corrigir das nossas más paixões. Amém.[www.arcanjomiguel.net]
(um Pai Nosso, três Ave Maria, Glória ao Pai)
<br/>
Quinta saudação:
Saudamos o quinto coro dos Anjos pedindo pela intercessão de São Miguel Arcanjo e do coro celeste das Potestades, para que o Senhor se digne proteger nossa alma contra as ciladas e as tentações do demônio. Amém.[www.arcanjomiguel.net]
(um Pai Nosso, três Ave Maria, Gloria ao Pai)
<br/>
Sexta saudação:
Saudamos o sexto coro dos Anjos pedindo pela intercessão de São Miguel e do coro admirável das Virtudes, para que o Senhor não nos deixe cair em tentação, mas nos livre de todo mal. Amém.
(um Pai Nosso, 3 Ave Maria, Glória ao Pai)
<br/>
Sétima saudação:
Saudamos o sétimo coro dos Anjos, pedindo pela intercessão de São Miguel Arcanjo e do coro dos Principados, para que o Senhor encha nossa alma do espírito de uma verdadeira e sincera obediência. Amém. (um Pai Nosso, três Ave Maria, Gloria ao Pai)
<br/>
Oitava saudação:
Saudamos o oitavo coro dos Anjos, pedindo pela intercessão de São Miguel Arcanjo e do coro celeste dos Arcanjos, para que o Senhor nos conceda o dom da perseverança na fé e nas boas obras, a fim de que possamos chegar a possuir a glória eterna do paraíso. Amém.
(um Pai Nosso, três Ave Maria, Glória ao Pai)
<br/>
Nona saudação:
Saudamos o nono coro dos Anjos pedindo pela intercessão de São Miguel Arcanjo e do coro celeste de todos os Anjos, para que sejamos guardados por eles nesta vida mortal, para sermos conduzidos por eles à glória eterna do céu. Amém.[www.arcanjomiguel.net]
(um Pai Nosso, três Ave Maria, Glória ao Pai)
<br/>
Reza-se no fim:
Um Pai Nosso em honra de São Miguel.
Um Pai Nosso em honra de São Gabriel.
Um Pai Nosso em honra de São Rafael.
Um Pai Nosso em honra ao nosso Anjo da Guarda.
<br/>
Antífona: Gloriosíssimo São Miguel, chefe e príncipe dos exércitos celestes, fiel guardião das almas, vencedor dos espíritos rebeldes, amado da casa de Deus, nosso admirável guia depois de Cristo, vós cuja excelência e virtude são eminentíssimas, dignai-Vos livrar-nos de todos os males, nós todos que recorremos a vós com confiança, e fazei, pela vossa incomparável proteção, que adiantemos cada dia mais na fidelidade e perseverança em servir a Deus.[www.arcanjomiguel.net]
<br/>
- Rogai por nós, ó bem-aventurado São Miguel, príncipe da Igreja de Cristo.
- Para que sejamos dignos de Suas promessas.
<br/>
<br/>
Oremos:
<br/>
Deus todo poderoso e eterno, que, por um prodígio de bondade e misericórdia para a salvação dos homens escolhestes para príncipe de Vossa Igreja o gloriosíssimo São Miguel Arcanjo, tornai-nos dignos, nós vo-lo pedimos, de sermos preservados de todos os nossos inimigos, a fim de que na hora de nossa morte nenhum deles nos possa inquietar, mas que nos seja dado sermos introduzidos por ele na presença da Vossa poderosa e augusta Majestade, pelos merecimentos de Jesus Cristo, Nosso Senhor. Amém Créditos:http://www.arcanjomiguel.net
Clevinho Maia (Combatentes de São Miguel Arcanjo)
<br/>
Promessas de São Miguel Arcanjo da recitação do Rosário
<br/>
<br/>
O glorioso São Miguel Arcanjo prometeu:
<br/>
A quem o honrasse desta maneira antes da Sagrada Comunhão seria acompanhado à Sagrada Mesa por um Anjo de cada um dos nove Coros
A quem rezasse todos os dias essas nove saudações teria a sua assistência e a dos Santos Anjos durante a sua vida e que depois da morte livraria do Purgatório a essa pessoa e aos seus parentes.
<br/>
Através da recitação deste Rosário obter-se-ão ainda muitas graças nas calamidades públicas, sobretudo nas da Igreja Católica Apostólica Romana (de que São Miguel Arcanjo é o padroeiro perpétuo), e as indulgências que lhe foram atribuídas pelo Papa Pio IX.  
<br/>
Origem da devoção Santo Rosário de São Miguel Arcanjo
De acordo com a tradição a origem desta devoção está relacionada com uma aparição e revelação privada do próprio Arcanjo, São Miguel a uma religiosa carmelita portuguesa, Antónia dAstónaco, no ano de 1750, este Santo Arcanjo declarou-lhe que desejava que se fizessem em sua honra nova saudações correspondentes aos nove coroes dos Anjos, que consistiriam na recitação de um Pai Nosso e três Ave Maria em honra de cada um dos coros dos Anjos. posteriormente reconhecida e aprovada pelo Papa Pio IX, a 8 de Agosto de 1851, quem a enriqueceu de indulgências.
',21);

INSERT or replace INTO ORACAO (TITULO,ORACAO,IDORACAO) VALUES ('Oração dos Santos Anjos','
Nós vos Louvamos e vos bendizemos, ó Cristo Jesus,
porque sois o centro do mundo angélico.
Nós vos adoramos, ó Cristo Jesus, porque voltareis em
vossa glória, com todos os vossos Anjos.
Em vós ó Cristo Senhor, foram criadas todas as coisas
dos céus e da terra, as visíveis e as invisíveis: Tronos,
Dominações e Potestades. Tudo foi criado por Cristo
e para Cristo.
Nós vos Bendizemos, Espíritos Celestiais, servidores
enviados ao serviço dos que herdam a Salvação.
Nós vos Bendizemos, porque desde a criação estais a
serviço de Deus, como Mensageiros obedientes,
anunciando a Salvação dos seres humanos e ajudando-nos
nos caminhos de Deus.
Nós vos Bendizemos, amigos de Deus, porque ajudais
misteriosamente e poderosamente a Santa Igreja.
Convosco nós adoramos o Deus três vezes Santo, na
Liturgia.
Nós vos bendizemos porque ajudais a vencer o maligno
que luta contra o Plano de Deus.
Anjos Santos e Benditos, obedientes à voz do Senhor,
protegei à todos nós e à tudo que temos. Cercai as
nossas casas, o nosso trabalho e as nossas vidas com
a vossa bondosa proteção, e que um dia com a vossa
ajuda, possamos chegar ao Reino Eterno, onde
adoraremos convosco a Santíssima Trindade.
Com Maria, nossa Mãe, Rainha dos Anjos e dos
Santos. Amém!
',22);

INSERT or replace INTO ORACAO (TITULO,ORACAO,IDORACAO) VALUES ('Súplicas ardentes aos Santos Anjos','
Deus Uno e Trino, Omnipotente e Eterno!
Antes de recorrermos aos Vossos servos, os Santos Anjos, prostramo-nos na Vossa presença e Vos adoramos: Pai, Filho e Espírito Santo.
-Bendito e louvado sejais por toda a eternidade!
<br/>
Deus Santo, Deus Forte, Deus Imortal, que tudo quanto por Vós foi criado Vos adore, Vos ame e permaneça no Vosso serviço!
<br/>
E Vós, Maria, Rainha de todos os Anjos, aceitai benignamente as súplicas que dirigimos aos Vossos servos, apresentai-as ao Altíssimo – Vós que sois medianeira de todas as graças e a omnipotência suplicante – a fim de obtermos graças, salvação e auxílio. Ámen.
<br/>
Sacratíssimo Coração de Jesus, guardai e defendei a minha alma e as da minha família!
Sacratíssimo Coração de Jesus, guardai e defendei a minha alma e as da minha família!
Sacratíssimo Coração de Jesus, guardai e defendei a minha alma e as da minha família!
<br/>
Poderosos Santos Anjos, que por Deus nos fostes concedidos para nossa protecção e auxílio, em Nome da Santíssima Trindade nós vos suplicamos:
-Vinde depressa, socorrei-nos!
<br/>
Nós vos suplicamos em Nome do Preciosíssimo Sangue de Nosso Senhor Jesus Cristo: 
-Vinde depressa, socorrei-nos!
<br/>
Nós vos suplicamos pelo poderosíssimo Nome de Jesus
-Vinde depressa, socorrei-nos!
<br/>
Nós vos suplicamos por todas as Chagas de Nosso Senhor Jesus Cristo:
-Vinde depressa, socorrei-nos!
<br/>
Nós vos suplicamos por todos os martírios de Nosso Senhor Jesus Cristo:
-Vinde depressa, socorrei-nos!
<br/>
Nós vos suplicamos pela Palavra Santa de Deus:
-Vinde depressa, socorrei-nos!
<br/>
Nós vos suplicamos pelo Coração de Nosso Senhor Jesus Cristo:
-Vinde depressa, socorrei-nos!
<br/>
Nós vos suplicamos em nome do amor que Deus tem por nós, pobres:
-Vinde depressa, socorrei-nos!
<br/>
Nós vos suplicamos em nome da fidelidade de Deus por nós, pobres:
-Vinde depressa, socorrei-nos!
<br/>
Nós vos suplicamos em nome da misericórdia de Deus por nós, pobres:
-Vinde depressa, socorrei-nos!
<br/>
Nós vos suplicamos em nome de Maria, Mãe de Deus e nossa Mãe:
-Vinde depressa, socorrei-nos!
<br/>
Nós vos suplicamos em nome de Maria Rainha do Céu e da Terra:
-Vinde depressa, socorrei-nos!
<br/>
Nós vos suplicamos em nome de Maria, vossa Rainha e Senhora:
-Vinde depressa, socorrei-nos!
<br/>
Nós vos suplicamos pela vossa própria bem-aventurança:
-Vinde depressa, socorrei-nos!
<br/>
Nós vos suplicamos pela vossa própria fidelidade
-Vinde depressa, socorrei-nos!
<br/>
Nós vos suplicamos pela vossa luta na defesa do Reino de Deus:
-Vinde depressa, socorrei-nos!
<br/>
Nós vos suplicamos:
Protegei-nos com o vosso escudo!
<br/>
Nós vos suplicamos
-Iluminai-nos com a vossa luz!
<br/>
Nós vos suplicamos:
-Salvai-nos sob o manto protector de Maria!
<br/>
Nós vos suplicamos: 
-Guardai-nos no coração de Maria!
<br/>
Nós vos suplicamos:
-Confiai-nos às mãos de Maria!
<br/>
Nós vos suplicamos: 
-Mostrai-nos o caminho que conduz à porta da vida: o 
Coração aberto de Nosso Senhor!
<br/>
Nós vos suplicamos: 
-Guiai-nos com segurança à casa do Pai Celestial:
<br/>
Todos vós, nove coros dos espíritos bem-aventurados:
-Vinde depressa, socorrei-nos!
<br/>
Anjos da vida:
-Vinde depressa, socorrei-nos!
<br/>
Anjos do Verbo de Deus:
-Vinde depressa, socorrei-nos!
<br/>
Anjos do amor:
-Vinde depressa, socorrei-nos!
<br/>
Nossos companheiros especiais e enviados por Deus:
-Vinde depressa, socorrei-nos!
<br/>
Insistentemente vos suplicamos:
-Vinde depressa, socorrei-nos!
<br/>
Porque o Sangue Preciosíssimo de Nosso Senhor e Rei clama que venhais em auxilio a nós, pobres:
-Insistentemente suplicamos: vinde depressa, socorrei-nos!
<br/>
Porque o Coração de Nosso Senhor e Rei clama que venhais em auxilio a nós, pobres:
-Insistentemente suplicamos: vinde depressa, socorrei-nos!
<br/>
Porque o Coração Imaculado de Maria, Virgem Puríssima e Vossa Rainha, clama que venhais em auxilio a nós, pobres
-insistentemente suplicamos: vinde depressa, socorrei-nos! 
<br/>
São Miguel Arcanjo:
Vós, príncipe dos exércitos celestes, vencedor do dragão infernal, recebestes de Deus força e poder para aniquilar, pela humanidade, a soberba do príncipe das trevas.
Insistentemente vos suplicamos que nos alcanceis de Deus a verdadeira humildade de coração, uma fidelidade inabalável no cumprimento contínuo da vontade de Deus e uma grande fortaleza no sofrimento e na penúria. Ao comparecermos perante o tribunal de Deus socorrei-nos para que não desfaleçamos!
<br/>
São Gabriel Arcanjo:
Vós, anjo da encarnação, mensageiro fiel de Deus, abri os nossos ouvidos para que possam captar até as mais suaves sugestões e apelos de graça emanados do Coração amabilíssimo de Nosso Senhor. Nós vos pedimos que fiqueis sempre junto de nós para que, compreendendo bem a Palavra de Deus e Suas inspirações, saibamos obedecer-lhe, cumprindo docilmente aquilo que Deus quer de nós. Fazei que estejamos sempre disponíveis e vigilantes. Que o Senhor, quando vier, não nos encontre dormindo!
<br/>
São Rafael Arcanjo:
Vós que sois lança e bálsamo do amor divino, feri o nosso coração e depositai nele um amor ardente a Deus. Que a ferida não se apague nele para que nos faça perseverar todos os dias no caminho da caridade e do amor. Que tudo vençamos pelo amor!
<br/>
<br/>
Anjos poderosos:
E nossos irmãos santos que servis diante do Trono de Deus, vinde em nosso auxílio!
Defendei-nos de nós próprios, da nossa covardia e tibieza, do nosso egoísmo e ambição, da nossa inveja e falta de confiança, da nossa avidez na busca da abundância, do bem-estar e da estima pública!
Desatai em nós as algemas do pecado e do apego às coisas terrenas. Tirai dos nossos olhos as vendas que nós mesmos lhes pusemos e que nos impedem de ver as necessidades do nosso próximo e a miséria do nosso ambiente porque nos fechamos numa mórbida complacência de nós mesmos!
Cravai no nosso coração o aguilhão da santa ansiedade por Deus para que não cessemos de procurá-lO com ardor, contrição e amor!
Contemplai em nós o Sangue do Senhor, derramado por nossa causa!
Contemplai em nós as lágrimas de Vossa Rainha, choradas por nossa causa!
Contemplai em nós a pobre, desbotada e arruinada imagem de Deus, comparando-a com a imagem íntegra que Deus, no princípio, por amor, imprimiu na nossa alma!
Auxiliai-nos na luta contra o poder das trevas que, disfarçadamente, nos envolve e aflige!
Auxiliai-nos para que nenhum de nós se perca, permitindo assim que um dia nos reunamos todos, jubilosamente, na eterna bem-aventurança! Ámen.
<br/>
São Miguel, assisti-nos com vossos santos anjos:
-Ajudai-nos e rogai por nós!
<br/>
São Rafael, assisti-os com vossos santos anjos
-Ajudai-nos e rogai por nós!
<br/>
São Gabriel, assisti-nos com vossos santos anjos:
-Ajudai-nos e rogai por nós.
<br/>
Ámen.
',23);
INSERT or replace INTO ORACAO (TITULO,ORACAO,IDORACAO) VALUES ('Ladainha de São Rafael Arcanjo','
Senhor, tende piedade de nós.
<br/>
Cristo, tende piedade de nos.
<br/>
Senhor, tende piedade de nós.
<br/>
Jesus Cristo, ouvi-nos.
<br/>
Jesus Cristo, atendei-nos.
<br/>
Deus, pai celestial, criador dos espíritos celestes, tende piedade de nós.
<br/>
Deus Filho, Redentor do mundo, a quem os anjos desejam sempre contemplar, tende piedade de nós.
<br/>
Deus, Espírito Santo, felicidade dos espíritos bem-aventurados, tende piedade de nos.
<br/>
Santíssima Trindade, que sois um só Deus, Gloria dos Santos Anjos, tende piedade de nós.
<br/>
São Rafael, anjo da Saúde, rogai por nós
<br/>
São Rafael, um dos sete espíritos que estão sempre diante do trono de Deus, rogai por nós.
<br/>
São Rafael, fiel condutor de Tobias, rogai por nós.
<br/>
São Rafael, que afastais para longe de nós os espíritos malignos, rogai por nós.
<br/>
São Rafael, que levais nossas preces ao trono de Deus, rogai por nós.
<br/>
São Rafael, que curastes a cegueira de Tobias, rogai por nós.
<br/>
São Rafael, auxílio nas tribulações, rogai por nós.
<br/>
São Rafael, consolo nas necessidades, rogai por nós.
<br/>
São Rafael, que tornais felizes os Vossos devotos, rogai por nós.
<br/>
Jesus Cristo, felicidade dos anjos, perdoai-nos.
<br/>
Jesus Cristo, gloria dos espíritos celestes, ouvi-nos.
<br/>
Jesus Cristo, esplendor dos exércitos Celestiais, tende piedade de nós.
<br/>
<br/>
Oremos:
<br/>
Ó Deus, que em Vossa inefável providência fizestes São Rafael o condutor fiel de Vossos filhos em suas viagens, humildemente Vos imploramos que possamos ser conduzidos por ele no caminho da salvação e experimentemos seu auxilio nas doenças da alma e do corpo.
Por Jesus Cristo Nosso Senhor. Amém.
',24);

INSERT or replace INTO ORACAO (TITULO,ORACAO,IDORACAO) VALUES ('Oração a São Rafael Arcanjo','
Fica conosco, ó Arcanjo Rafael, chamado “Medicina de Deus”!
<br/>
Afastai para longe de nós as doenças do corpo, da alma e do espírito e trazei-nos saúde e toda a plenitude de vida prometida por Nosso Senhor Jesus Cristo. Amém.
<br/>
Glorioso Arcanjo Rafael, que dignastes tomar a aparência de um simples viajante para vos fazer o protetor do jovem Tobias.
<br/>
Ensinai-nos a viver sobrenaturalmente, elevando sem cessar nossas almas, acima das coisas terrestres.
<br/>
Vinde em nosso socorro no momento das tentações e ajudai-nos a afastar de nossas almas e de nossos trabalhos todas as influências do inferno.
<br/>
Ensinai-nos a viver neste espírito de fé que sabe reconhecer a misericórdia divina em todas as provações e as utilizar para a salvação de nossas almas.
<br/>
Obtende-nos a graça de uma inteira conformidade com a vontade divina: seja que ela nos conceda a cura dos nossos males ou que recuse o que lhe pedimos.
<br/>
São Rafael, guia, protetor e companheiro de Tobias, dirigi-nos no caminho da salvação, preservai-nos de todo perigo e conduzi-nos ao céu. Assim seja.
',25);

INSERT or replace INTO ORACAO (TITULO,ORACAO,IDORACAO) VALUES ('Oração a São José','
A vós, SÃO JOSÉ, recorremos em nossa tribulação, e depois de termos implorado  o auxílio de vossa SANTÍSSIMA ESPOSA e cheios de confiança, solicitamos também o vosso patrocínio. Por esse laço sagrado de caridade que vos uniu à VIRGEM IMACULADA, MÃE de DEUS, e pelo amor paternal que tivestes ao MENINO JESUS, ardentemente vos suplicamos que lanceis um olhar benigno sobre a herança que JESUS CRISTO conquistou com Seu Sangue, e nos socorrais nas nossas necessidades com o vosso auxílio e poder.
<br/>
Protegei, ó guarda providente da SAGRADA FAMÍLIA, o povo eleito de JESUS CRISTO. Afastai para longe de nós, ó Pai Amantíssimo, a peste, o erro e o vício que aflige o mundo. Assisti-nos do alto do Céu, ó nosso Fortíssimo Sustentáculo, na luta contra o poder das trevas, e assim, como outrora salvastes da morte a vida ameaçada do MENINO JESUS, defendei também agora a Santa IGREJA de DEUS, conta as ciladas dos seus inimigos e contra toda a adversidade.
<br/>
Amparai a cada um de nós com o vosso constante patrocínio, a fim de que, a vosso exemplo e sustentados com o vosso auxílio, possamos viver virtuosamente, piedosamente morrer e obter no Céu a eterna bem-aventurança. Amém.
<br/>
São José, rogai por nós.
',26);
