INSERT or replace INTO GRUPO (TITULO,IDGRUPO) VALUES ('Comuns',1);
INSERT or replace INTO GRUPO (TITULO,IDGRUPO) VALUES ('Cura',2);
INSERT or replace INTO GRUPO (TITULO,IDGRUPO) VALUES ('Libertação',3);
INSERT or replace INTO GRUPO (TITULO,IDGRUPO) VALUES ('Intercessão',4);
INSERT or replace INTO GRUPO (TITULO,IDGRUPO) VALUES ('Renuncia',5);
INSERT or replace INTO GRUPO (TITULO,IDGRUPO) VALUES ('Ladainha',6);
INSERT or replace INTO GRUPO (TITULO,IDGRUPO) VALUES ('Santos',7);
INSERT or replace INTO GRUPO (TITULO,IDGRUPO) VALUES ('Terço',8);
INSERT or replace INTO GRUPO (TITULO,IDGRUPO) VALUES ('A Maria',9);

INSERT or replace INTO TITULOS (TITULO,GRUPO,IDORACAO) VALUES ('Pai Nosso','1',0);
INSERT or replace INTO TITULOS (TITULO,GRUPO,IDORACAO) VALUES ('Ave Maria','1',1);
INSERT or replace INTO TITULOS (TITULO,GRUPO,IDORACAO) VALUES ('Creio','1',2);
INSERT or replace INTO TITULOS (TITULO,GRUPO,IDORACAO) VALUES ('Cura Para Uma Morte Feliz','2',3);
INSERT or replace INTO TITULOS (TITULO,GRUPO,IDORACAO) VALUES ('Oração de Purificação','2',4);
INSERT or replace INTO TITULOS (TITULO,GRUPO,IDORACAO) VALUES ('Quaresma de São Miguel Arcanjo','2',3);
INSERT or replace INTO TITULOS (TITULO,GRUPO,IDORACAO) VALUES ('Terço da Cruzada','8',8);
INSERT or replace INTO TITULOS (TITULO,GRUPO,IDORACAO) VALUES ('Ladainha de Nossa Senhora','6',6);
INSERT or replace INTO TITULOS (TITULO,GRUPO,IDORACAO) VALUES ('Coroa das glórias da Virgem Maria','9',9);
INSERT or replace INTO TITULOS (TITULO,GRUPO,IDORACAO) VALUES ('Consagração a Nossa Senhora','9',9);
INSERT or replace INTO TITULOS (TITULO,GRUPO,IDORACAO) VALUES ('Ladainha do Imaculado Coração de Maria','9',10);
INSERT or replace INTO TITULOS (TITULO,GRUPO,IDORACAO) VALUES ('Ato de Consagração ao Imaculado Coração de Maria','9',11);
INSERT or replace INTO TITULOS (TITULO,GRUPO,IDORACAO) VALUES ('Ato de Consagração aos Sagrados Corações','9',12);

INSERT or replace INTO ORACAO (TITULO,ORACAO,IDORACAO) VALUES ('Pai Nosso','Pai nosso que estás nos céus,santificado seja o Vosso nome. Venha a nós o Vosso Reino. Seja feita a Vossa vontade,assim na Terra como no Céu. O pão nosso de cada dia nos dai hoje. Perdoai as nossas ofensas assim como nós perdoamos a quem nos tem ofendido. E não nos deixeis cair em tentação, mas livrai-nos do mal.',0);

INSERT or replace INTO ORACAO (TITULO,ORACAO,IDORACAO) VALUES ('Ave Maria','Ave Maria cheia de graça, o Senhor é convosco, bendita sois Vós entre as mulheres, e bendito é o fruto do vosso ventre, Jesus. Santa Maria, Mãe de Deus, rogai por nós pecadores, agora e na hora da nossa morte. Amém',1);

INSERT or replace INTO ORACAO (TITULO,ORACAO,IDORACAO) VALUES ('Creio','Creio em Deus Pai Todo-Poderoso, criador do céu e da terra. E em Jesus Cristo, seu único Filho Nosso Senhor, que foi concebido pelo poder do Espírito Santo, nasceu da Virgem Maria , padeceu sob Pôncio Pilatos, foi crucificado, morto e sepultado, desceu a mansão dos mortos, ressucitou ao terceiro dia, subiu aos Céus, está sentado à direita de Deus Pai todo-poderoso, donde há de vir a julgar os vivos e mortos. Creio no Espírito Santo. Na Santa Igreja Católica, na comunhão dos santos, na remissão dos pecados, na ressurreição da carne, na vida eterna. Amém.,',2);

INSERT or replace INTO ORACAO (TITULO,ORACAO,IDORACAO) VALUES ('Cura Para Uma Morte Feliz','
Senhor Jesus, clamo a Vossa intercessão junto ao Pai, por todas as pessoas na história de minha família que morreram cedo, não amadas, não choradas, sem oração e sem amoroso enterro cristão.
E a todos os que experimentaram mortes terríveis, dolorosas e horríveis - mortes por violência,por acidente, envenenamento, tiros, fogo, explosões, facadas, enforcamento, afogamento, atos de guerra ou morte por animais.
Ergo agora até Vós, Senhor, meus antepassados que morreram mortes de suicídio, Senhor, cessa agora no Vosso poder † toda transmissão de tendência para mortes anormais e feias.
Senhor, que Vosso amor misericordioso, que perdoa e cura, noa toque ternamente e que doravante todos conheçamos mortes cheias de amor e ternura; que experimentamos a transição da vida para a morte num contexto plenamente cristão.
Pai, que ninguém em minha linha de família, de agora em diante morra sem ter conhecido pessoalmente o Senhor Jesus Cristo. Amém!
<br/>
<b>
"Disse-lhe Jesus: Eu sou a ressurreição e a vida. Aquele que crê em mim, ainda que esteja morto, viverá. E todo aquele que vive e crê em mim, jamais morrerá."(Jo 11,25-26)
</b>
',3);

INSERT or replace INTO ORACAO (TITULO,ORACAO,IDORACAO) VALUES ('<b>Oração de Purificação</b>','
Eu, em Nome de Jesus, † ordeno que saiam de mim, de minha casa, de minha família (cônjuge, filhos,etc) e dos meus amigos, todas as forças espirituais do mal que possam ter nos contaminado, e ordeno que vão se prostrar aos pés da Cruz do Senhor Jesus e os proíbo de voltar.
Que saiam também agora, toda a fúria do inimigo e todo o dardo inflamado lançado contra nossos familiares, contra nossos bens materiais, contra nosso organismo físico, contra nossa mente ou nosso espírito.
Neste momento, Senhor Jesus, eu me lavo com Teu Sangue preciosíssimo, e também lavo Nele todas as pessoas que comigo convivem. Teu Sangue seja para nós cobertura e proteção, e que o Divino Espírito Santo renove em cada um de nós Sua unção, Sua força e Seu poder. Pela poderosa intercessão da Virgem Maria, de seus Anjos e Santos. Amém!
<br/><b>
A Cruz Sagrada † seja minha luz!
Não seja o dragão o meu guia!
Retira-te satanás,<br/> nunca me aconselhes coisas vãs <br/>é mau o que tu ofereces.
bebe tu mesmo o teu veneno!<b/>
',4);

INSERT or replace INTO ORACAO (TITULO,ORACAO,IDORACAO) VALUES (' Quaresma de São Miguel Arcanjo','A quaresma de São Miguel Arcanjo foi difundida através dos discípulos de São Francisco, que o imitavam nessa dvoção e recebiam graças. E até hoje, temos esse belíssimo costume de consagrar nossas vidas a São Miguel. 

O que é necessário?

Antes de tudo, termos os devidos cuidados para não cairmos em superstição. A superstição é o desvio do sentimento religioso e das práticas que ele impõe. Então, o nosso coração deve estar reconciliado com Deus e cheio de bons propósitos.

Após esta análise de sua vida, faça um altar com a imagem ou foto de

São Miguel Arcanjo colocando velas ou lamparinas bentas, e flores para enfeitar o altar. Durante a quaresma, faça penitências, jejuns e abstinências e uma boa confissão. Fazer seu pedido particular e principalmente pela libertação da família, quebra de maldição, do jugo hereditário, ocultismo e outras intenções. 

Rezar as orações mencionadas abaixo e, no dia 29 de setembro participar da Festa de São Miguel com a Santa Missa.

Rezemos a São Miguel Arcanjo nos dez primeiros dias da quaresma por toda cura e libertação de todos os vícios de dependência química (álcool, drogas, cigarros) também vícios de jogos, de compulsividade (para comprar, comer), Nos dez dias da quaresma rezemos além das nossas intenções particulares, também por toda a cura e libertação de maldições em nossas pontes de gerações, como: desordens sexuais, adultério, roubo, alcoolismo, perseguições, divórcios, abortos, mortes repentinas, idolatrias.(e outros)

Nos dez terceiros dias da quaresma, rezemos por toda libertação de malefícios a agouros que possam ter atingido sua vida e os seus negócios como também sua profissão e estudos: dificuldades financeiras, perdas, insucessos, invejas, ciúmes, trapaças. 

Nos dez quartos dias da quaresma, rezemos por toda cura e libertação física e espiritual: doenças psíquicas como: transtorno bipolar, esquizofrenia, síndrome do pânico, doenças físicas como: dores na coluna, enxaquecas, anemias, desmaios, bronquites, asmas, alergias e outros.  

A Quaresma de São Miguel Arcanjo tem seu início no dia 15 de agosto. No dia 20 de setembro inicia-se a novena em honra à São Miguel Arcanjo juntamente com as outras orações culminando com a grande festa no dia 29 de setembro. 

* importante a quaresma ou novena pode ser realizada a partir de qualquer data do ano, sendo agosto a setembro um momento especial...
<br/>
<br/>

<b>Todos os dias:</b>

Acender uma Vela (benta) diante da imagem de São Miguel Arcanjo.
Oferecer jejuns, penitências e abstinências.
Fazer o sinal da cruz.
Rezar a oração inicial “Pequeno Exorcismo do Papa Leão XIII”.
Rezar a Ladainha de São Miguel Arcanjo.
Rezar a Consagração a São Miguel Arcanjo.
Fazer o pedido de uma graça a ser alcançada.
Fazer uma Santa confissão.
<br/>
O altar - Na Quaresma de São Miguel Arcanjo, costuma-se fazer um pequeno altar ou oratório com a imagem de Arcanjo (pode ser uma foto também) e se possível no momento da oração acenda uma vela ( benta ) (que simboliza a luz de Cristo).  

Jejuns e penitências - Durante o período desta oração (40 dias), é indicado que cada pessoa faça uma penitência (exemplos) (abster-se de algo de comer, do cigarro, da bebida,internet ou até da televisão) e buscar o jejum ao menos às sextas-feiras, dia que a Igreja aconselha a prática.  (abster-se de carne por exemplo) . 

Participar das Santas missas (se possível diariamente) em honra a São Miguel, e após a comunhão rezar a Oração de São Miguel Arcanjo. 
Durante as orações (40 dias ), Acender a vela (benta), fazer o sinal da Cruz.

A Quaresma de São Miguel Arcanjo deve ser rezada, diariamente, entre os dias 15 de agosto e 29 de setembro, dia da Festa de São Miguel. Podendo ser rezada, também, em outras épocas do ano por um período de 40 dias.
<br/>
<br/>
<br/>
<b>ORAÇÃO INICIAL PARA TODOS OS DIAS.</b>
<br/>
<br/>
<b>ORAÇÃO DE SÃO MIGUEL ARCANJO.</b>
“Pequeno Exorcismo do Papa Leão XIII”.
<br/>
<br/>
São Miguel Arcanjo, defendei-nos no combate, sede o nosso refúgio contra as maldades e ciladas do demônio. Ordene-lhe Deus, instantemente o pedimos, e vós, príncipe da milícia celeste, pela virtude divina, precipitai no inferno a satanás e aos outros espíritos malignos, que andam pelo mundo para perder as almas. Amém.
<br/>
<br/>
Sacratíssimo Coração de Jesus tende piedade de nós! (3x)
<br/>
<br/>
<b>LADAINHA DE SÃO MIGUEL</b>
<br/> 
<br/>
Senhor tende piedade de nós.<br/>
Jesus Cristo tende piedade de nós.
Senhor tende piedade de nós. Jesus Cristo ouvi-nos.
Jesus Cristo atendei-nos.
Pai Celeste, que sois Deus, tende piedade de nós.
Filho, Redentor do Mundo, que sois Deus, tende piedade de nós.
Espírito Santo, que sois Deus, tende piedade de nós.
Trindade Santa, que sois um único Deus, tende piedade de nós.
Santa Maria, Rainha dos Anjos, rogai por nós.
São Miguel, rogai por nós.  
São Miguel, cheio da graça de Deus, rogai por nós.
São Miguel, perfeito adorador do Verbo Divino, rogai por nós.
São Miguel, coroado de honra e de glória, rogai por nós.
São Miguel, poderosíssimo Príncipe dos exércitos do Senhor, rogai por nós.
São Miguel, porta-estandarte da Santíssima Trindade, rogai por nós.
São Miguel, guardião do Paraíso, rogai por nós.
São Miguel, guia e consolador do povo israelita, rogai por nós.
São Miguel, esplendor e fortaleza da Igreja militante, rogai por nós.
São Miguel, honra e alegria da Igreja triunfante, rogai por nós.
São Miguel, Luz dos Anjos, rogai por nós.
São Miguel, baluarte dos Cristãos, rogai por nós.
São Miguel, força daqueles que combatem pelo estandarte da Cruz, rogai por nós.  
São Miguel, luz e confiança das almas no último momento da vida, rogai por nós.
São Miguel, socorro muito certo, rogai por nós.
São Miguel, nosso auxílio em todas as adversidades, rogai por nós.
São Miguel, arauto da sentença eterna, rogai por nós.
São Miguel, consolador das almas que estão no Purgatório, rogai por nós.
São Miguel, a quem o Senhor incumbiu de receber as almas que estão no Purgatório,
São Miguel, nosso Príncipe, rogai por nós.
São Miguel, nosso Advogado, rogai por nós.
<br/>
<br/>
Cordeiro de Deus, que tirais o pecado do mundo, atendei-nos, Senhor.
Cordeiro de Deus, que tirais o pecado do mundo, tende piedade de nós.
Cordeiro de Deus, que tirais o pecado do mundo, tende piedade de nós.
<br/>
<br/>
Rogai por nós, ó glorioso São Miguel, Príncipe da Igreja de Cristo, para que sejamos dignos de Suas promessas.
<br/>
Oração: Senhor Jesus, santificai-nos, por uma bênção sempre nova, e concedei-nos, pela intercessão de São Miguel, esta sabedoria que nos ensina a ajuntar riquezas do Céu e a trocar os bens do tempo pelos da eternidade. Vós que viveis e reinais em todos os séculos dos séculos.
 <br/>
<br/>
<br/>
<b>Ao final, reza-se:</b>
<br/>
Um Pai Nosso em honra de São Gabriel.
Um Pai Nosso em honra de São Miguel Arcanjo.
Um Pai Nosso em honra de São Rafael.
<br/>
Gloriosíssimo São Miguel, chefe e príncipe dos exércitos celestes, fiel guardião das almas, vencedor dos espíritos rebeldes, amado da casa de Deus, nosso admirável guia depois de Cristo, vós, cuja excelência e virtudes são eminentíssimas, dignai-vos livrar-nos de todos os males, nós todos que recorremos a vós com confiança, e fazei pela vossa incomparável proteção, que adiantemos cada dia mais na fidelidade em servir a Deus.  
 <br/>
<br/>
V. Rogai por nós, ó bem-aventurado São Miguel, príncipe da Igreja de Cristo.
<br/>
R. Para que sejamos dignos de suas promessas.
<br/>
Oração: Deus, todo poderoso e eterno, que por um prodígio de bondade e misericórdia para a salvação dos homens, escolhestes para príncipe de Vossa Igreja o gloriosíssimo Arcanjo São Miguel, tornai-nos dignos, nós vo-lo pedimos, de sermos preservados de todos os nossos inimigos, a fim de que na hora da nossa morte nenhum deles nos possa inquietar, mas que nos seja dado de sermos introduzidos por ele na presença da Vossa poderosa e augusta Majestade, pelos merecimentos de Jesus Cristo, Nosso Senhor.  
<br/>
Consagração a São Miguel Arcanjo
<br/>
Ó Príncipe nobilíssimo dos Anjos, valoroso guerreiro do Altíssimo, zeloso defensor da glória do Senhor, terror dos espíritos rebeldes, amor e delícia de todos os Anjos justos, meu diletíssimo Arcanjo São Miguel, desejando eu fazer parte do número dos vossos devotos e servos, a vós hoje me consagro, me dou e me ofereço e ponho-me a mim próprio, a minha família e tudo o que me pertence, debaixo da vossa poderosíssima proteção.  É pequena a oferta do meu serviço, sendo como sou um miserável pecador, mas vós engrandecereis o afeto do meu coração, recordai-vos que de hoje em diante estou debaixo do vosso sustento e deveis assistir-me em toda a minha vida e obter-me o perdão dos meus muitos e graves pecados, a graça da amar a Deus de todo coração, ao meu querido Salvador Jesus Cristo e a minha Mãe Maria Santíssima, obtende-me aqueles auxílios que me são necessários para obter a coroa da eterna glória. Defendei-me dos inimigos da alma, especialmente na hora da morte. Vinde, ó príncipe gloriosíssimo, assistir-me na última luta e com a vossa arma poderosa lançai para longe, precipitando nos abismos do inferno, aquele anjo quebrador de promessas e soberbo que um dia prostrastes no combate no Céu.
<br/>
São Miguel Arcanjo, defendei-nos no combate para que não pereçamos no supremo juízo.',5);


INSERT or replace INTO ORACAO (TITULO,ORACAO,IDORACAO) VALUES ('Terço da Cruzada','
(como arma poderosa contra os poderes infernais)
<br/>
Creio em Deus Pai... 3 Ave-Marias... Glória ao Pai...
<br/>
NA PRIMEIRA DEZENA contemplamos como Jesus nos deu um exemplo brilhante na luta contra satanás e seu reino.
Pai-Nosso, 10 Ave-Marias, Glória ao Pai
<br/>
Ao final de cada dezena, reza-se este exorcismo:
<br/>
<br/>
“Levanta-se Deus, por intercessão da Bem-Aventurada Virgem Maria, de São Miguel Arcanjo, de todas as milícias celestes e sejam dispersos seus inimigos e fujam de sua face todos os que O odeiam, em Nome do Pai, † do Filho, e do Espírito Santo. Amém”.
<br/>
<br/>
NA SEGUNDA DEZENA contemplamos como Jesus venceu a morte e o inferno pela sua paixão e morte na cruz.
<br/>
<br/>
NA TERCEIRA DEZENA contemplamos a cruz de Cristo, que se tornou sinal de terror para satanás.
<br/>
<br/>
NA QUARTA DEZENA contemplamos como Jesus deu á Virgem Maria a força de esmagar a cabeça da serpente infernal.
<br/>
<br/>
NA QUINTA DEZENA contemplamos como Jesus deu á Virgem Maria o poder sobre satanás por todos os tempos.
',6);

 
INSERT or replace INTO ORACAO (TITULO,ORACAO,IDORACAO) VALUES ('LADAINHA DE NOSSA SENHORA','
Senhor, tende pidedade de nós
Cristo, tende pidedade de nós
Senhor, tende pidedade de nós
Cristo, ouvi-nos
Cristo, atendei-nos
Deus Pai do céu, tende piedade de nós
Deus Filho Redentor do mundo, tende piedade de nós
Deus Espírito Santo, tende piedade de nós
Santíssima Trindade, que sois um só Deus, tende piedade de nós
<br/>
<br/>
Santa Maria, rogai por nós.
Santa Mãe de Deus, 
Santa Virgem das virgens, 
Mãe de Cristo,
Mãe da Igreja
Mãe da divina graça, 
Mãe puríssima, 
Mãe castíssima, 
Mãe sempre virgem,
Mãe imaculada, 
Mãe digna de amor, 
Mãe admirável, 
Mãe do bom conselho, 
Mãe do Criador, 
Mãe do Salvador, 
Virgem prudentíssima,
Virgem venerável,
Virgem louvável, 
Virgem poderosa, 
Virgem clemente, 
Virgem fiel,
Espelho de perfeição, 
Sede da Sabedoria, 
Fonte de nossa alegria, 
Vaso espiritual, 
Tabernáculo da eterna glória,
Moradia consagrada a Deus, 
Rosa mística, 
Torre de Davi, 
Torre de marfim,
Casa de ouro,
Arca da aliança,
Porta do céu,
Estrela da manhã,
Saúde dos enfermos,
Refúgio dos pecadores, 
Consoladora dos aflitos,
Auxílio dos cristãos,
Rainha dos Anjos, 
Rainha dos Patriarcas,
Rainha dos Profetas,
Rainha dos Apóstolos,
Rainha dos Mártires,
Rainha dos confessores da fé,
Rainha das Virgens,
Rainha de todos os Santos,
Rainha concebida sem pecado original,
Rainha assunta ao céu,
Rainha do santo Rosário,
Rainha da paz.
<br/>
<br/>
Cordeiro de Deus, que tirais os pecados do mundo, perdoai-nos, Senhor.
<br/>
Cordeiro de Deus, que tirais os pecados do mundo, ouvi-nos, Senhor.
<br/>
Cordeiro de Deus, que tirais os pecados do mundo, tende piedade de nós.
<br/>
Rogai por nós, santa Mãe de Deus.
<br/>
Para que sejamos dignos das promessas de Cristo
',7);


INSERT or replace INTO ORACAO (TITULO,ORACAO,IDORACAO) VALUES ('COROA DAS GLÓRIAS DA VIRGEM MARIA','
Creio, Pai Nosso, Ave Maria, Glória.
Bendizemos-te Santíssima Virgem, pela Tua Imaculada Conceição! Livra-nos de todo o pecado e guarda o nosso coração para Deus. (Ave Maria).
ORAÇÕES
Bendizemos-te Santíssima Virgem, pela Tua Virgindade perpétua! Por esse mérito, conserva a nossa alma pura e casta, para nela receber Jesus e a Ti. (Ave Maria).
Bendizemos-te Santíssima Virgem, pela Tua maternidade divina! És a Mãe Santa do Deus altíssimo. Concede-nos a graça de sermos filhos fiéis do Senhor. (Ave Maria).
Bendizemos-te Santíssima Virgem, porque És a predileta Filha de Deus, Bendita entre todas as mulheres, e cheia de graça! Dá-nos ser sempre repletos da graça de Deus. (Ave Maria).
Bendizemos-te Santíssima Virgem, Esposa fiel do Espírito Santo, que gerou Jesus em Ti! Concede- nos a graça de sermos renovados pelo Espírito do Senhor, e repletos dos Seus dons e frutos. (Ave Maria).
Bendizemos-te Santíssima Virgem, pois esmagaste satanás e todas as heresias em todos os tempos! Livra-nos Mãe Santíssima, das seduções, tentações e ciladas do inimigo. (Ave Maria).
Bendizemos-te Santíssima Virgem, pela submissão de Jesus a Ti, na terra e no céu! Concede-nos a graça da filial submissão a Deus e a ti. (Ave Maria).
Bendizemos-te Santíssima Virgem, porque És a Medianeira de todas as Graças. És o caminho escolhido por Deus para vir a nós, e também o caminho pelo qual devemos ir a Deus. Dá-nos a graça da salvação. (Ave Maria).
Bendizemos-te Santíssima Virgem, porque És a Mãe da igreja e nossa Mãe. Jesus entregou-Te a nós aos pés da cruz, na hora da morte. Gera-nos em Ti para Jesus, e gera Jesus em nós. (Ave Maria).
Bendizemos-te Santíssima Virgem, pela Tua ressurreição e assunção ao céu de corpo e alma. Prepara-nos um lugar no céu junto de Jesus e de Ti. (Ave Maria).
Bendizemos-te Santíssima Virgem, por Tua coroação no céu pela Santíssima Trindade, como rainha do céu e da terra. Queremos ser servos perpétuos de Jesus por meio de Ti. (Ave Maria).
Bendizemos-te Santíssima Virgem, por todas as Tuas glórias e méritos, mais numerosos que as estrelas do céu. És o molde da santidade, o espelho da justiça, a sede da sabedoria, causa de nossa alegria, vaso espiritual, vaso honorífico, casa de ouro, arca da aliança, porta do céu, refúgio dos pecadores, consolação dos aflitos, auxílio dos cristãos... Dá-nos a Tua benção! (Glória, Magníficat).
Magnificat
Minha alma engrandece o Senhor, e meu espírito exulta de alegria em Deus, meu Salvador, porque olhou para a humilhação de sua serva. Sim! Doravante as gerações todas me chamarão de bem­aventurada, pois o Todo­ poderoso fez grandes coisas em meu favor. Seu nome é santo e sua misericórdia perdura de geração em geração, para aqueles que o temem. Agiu com a força de seu braço, dispersou os homens de coração orgulhoso. Depôs poderosos de seus tronos, e a humildes exaltou. Cumulou de bens a famintos e despediu ricos de mãos vazias. Socorreu Israel, seu servo, lembrado de sua misericórdia ­conforme prometera a nossos pais ­em favor de Abraão e de sua descendência para sempre!
 
Oremos
Ave Maria,Filha de Deus Pai. Ave Maria Mãe de Deus Filho.Ave Maria, Esposa do Espírito Santo. Ave Maria, Templo da Saníssima Trindade. Ave Maria, Senhora minha, meu bem, meu amor. Rainha do meu  coração, Minha, vida, doçura e esperança minha, muito querida, meu caração e minha alma.
Sou todo Vosso, e tudo o que possuo Vosso.Ó Virgem, sobre todos  bendita. Estai, pois, em minha alma, para engrandecer ao Senhor; estai em mim  o Vosso Espírito, para rejubilar em Deus. Colocai-Vos, ó Virgem Fiel, como selo sobre o meu coração, para que em Vós e por Vós seja eu achado fiel a Deus.
Concedei ó Mãe de misericórdia, que me encontre no número dos que amais, ensinais, guiais, sustentais e protegeis como filhos. Dizei para que eu, por Vosso amor, despreze todas as consolações da terra e aspire somente as celestes, até, que para a glória do Pai, Jesus Cristo Vosso Filho, seja formado em mim pelo Espírito Santo, Vosso Esposo fidelíssimo, e por Vós Sua Esposa muito fiel. Assim seja.

',8);

INSERT or replace INTO ORACAO (TITULO,ORACAO,IDORACAO) VALUES ('Consagração a Nossa Senhora','
Ó Senhora minha, ó minha Mãe, 
eu me ofereço todo(a) a vós, 
e em prova da minha devoção para convosco, 
Vos consagro neste dia e para sempre, 
os meus olhos, os meus ouvidos, 
a minha boca, o meu coração e inteiramente todo o meu ser.
E porque assim sou vosso(a), 
ó incomparável Mãe, 
guardai-me e defendei-me como propriedade vossa.
Lembrai-vos que vos pertenço, terna Mãe, Senhora nossa.
Ah, guardai-me e defendei-me como coisa própria vossa.
',9);

INSERT or replace INTO ORACAO (TITULO,ORACAO,IDORACAO) VALUES ('Ladainha do Imaculado Coração de Maria','
Senhor, tende piedade de nós.
<br/>
Cristo, tende piedade de nós.
R/. Senhor, tende piedade de nós.
<br/>
Jesus Cristo, ouvi-nos.
R/. Jesus Cristo, atendei-nos.
<br/>
Deus, Pai dos Céus, tende piedade de nós.
Deus Filho, Redentor do mundo,
Deus Espírito Santo,
Santíssima Trindade, que sois um só Deus,
<br/>
<br/>
Coração de Maria, concebido sem pecado, rogai por nós.
Coração de Maria, cheio de graça
Coração de Maria, bendito entre todos os corações
Coração de Maria, sacrário da Santíssima Trindade,
Coração de Maria, semelhantíssimo ao Coração de Jesus,
Coração de Maria, no qual Jesus bem se compraz,
Coração de Maria, abismo de humildade,
Coração de Maria, trono de misericórdia,
Coração de Maria, incêndio de amor divino,
Coração de Maria, oceano de bondade,
Coração de Maria, prodígio de pureza e de inocência,
Coração de Maria, espelho de todas as perfeições divinas,
Coração de Maria, no qual o Sangue de Jesus, preço de nossa redenção, foi formado,
Coração de Maria, que apressastes por vossos desejos a salvação do mundo,
Coração de Maria, que obtendes graças para os pecadores,
Coração de Maria, que conservais fidelissimamente as palavras e as ações de Jesus,
Coração de Maria, transpassado por um gládio de dor,
Coração de Maria, acabrunhado de aflição durante a Paixão de Jesus Cristo,
Coração de Maria, pregado à Cruz com Jesus crucificado,
Coração de Maria, sepultado pela dor com Jesus morto,
Coração de Maria, restituído à alegria pela Ressurreição de Jesus,
Coração de Maria, inundado de inefável consolação na Ascensão de Jesus,
Coração de Maria, cumulado de uma nova plenitude de graças na descida do Espírito Santo,
Coração de Maria, consolação dos aflitos,
Coração de Maria, refúgio dos pecadores,
Coração de Maria, esperança e doce sustentáculo daqueles que Vos veneram,
Coração de Maria, socorro dos agonizantes,
Coração de Maria, alegria dos Anjos e dos Santos,
<br/>
<br/>
Cordeiro de Deus, que tirais os pecados do mundo,
R/. perdoai-nos, Senhor.
<br/>
Cordeiro de Deus, que tirais os pecados do mundo,
R/. atendei-nos, Senhor.
<br/>
Cordeiro de Deus, que tirais os pecados do mundo,
R/. tende piedade de nós.
<br/>
V/. Maria Imaculada, mansa e humilde de coração,
R/. fazei meu coração semelhante ao Coração de Jesus.
<br/>
<br/>
Oremos. Deus clementíssimo que, para salvação dos pecadores e alívio dos desvalidos, quisestes que o Imaculado Coração da Bem-Aventurada Virgem Maria fosse idêntico em caridade e misericórdia ao Divino Coração de seu Filho Jesus Cristo, concedei-nos, a nós que celebramos esse dulcíssimo e amantíssimo Coração, a graça de - pelos méritos e intercessão da mesma Bem-aventurada Virgem - nos tornarmos conformes ao Coração de Jesus. Por Cristo Nosso Senhor. Amém.
',10);

INSERT or replace INTO ORACAO (TITULO,ORACAO,IDORACAO) VALUES ('Ato de Consagração ao Imaculado Coração de Maria','
Oh! Maria, Mãe de Deus e nossa Mãe,
 Rainha do céu e refúgio dos pecadores,
 ao Vosso Coração Imaculado consagramos nossa vida,
 todo nosso ser, tudo o que temos, tudo o que amamos,
 tudo o que somos. A Vós pertencem nossos lares, nossa pátria.
 <br/>
 <br/>
 Queremos que seja vosso, e participe dos benefícios de vossas bençãos maternais,
 tudo o que existe em nós, e ao redor de nós. E para que esta Consagração seja realmente eficaz e duradoura,
 renovamos hoje, aqui aos vossos pés, oh! Maria,
 as promessas do nosso batismo e da nossa primeira comunhão.
<br/>
<br/>
 Comprometemo-nos a professar, corajosamente e sempre,
 as verdades da fé, e a viver como católicos, submissos à sua Santidade,
 o Papa e aos Bispos em comunhão com ele. Comprometemo-nos a observar os Mandamentos de Deus e da Igreja,
 particularmente a santificação do Domingo. considerai e depois fazei o que Vos disser o Coração.

 <br/><br/>
 Deixai Vosso Coração agir. conto com Ele, confio nEle e a Ele me entrego. Queremos empenhar-nos,
 ó gloriosa Mãe de Deus e nossa Mãe, para que o Reino de Cristo, vosso Filho, seja uma presença em nossas almas na terra como no céu.
 Queremos oferecer cinqüenta rosas pela reza do terço, meditando sobre os mistérios do Santo Rosário. Amém.

',11);
INSERT or replace INTO ORACAO (TITULO,ORACAO,IDORACAO) VALUES ('Ato de Consagração aos Sagrados Corações','

Sagrados corações de Jesus e Maria, a Vós me consagro,
 para sempre, minha pessoa e toda minha família.
 A Vós fazemos a entrega de tudo o que somos e de tudo o que nos pertence: nosso ser, nossa vida, nosso casa e nossapátria.
 Em vossa benignidade, dignai-vos aceitar este nosso humilde e sincero ato de Consagração,
 mediante o qual queremos esforçarmos em sermos fiéis cumpridores de vossa Santa Lei, vencendo toda classe de respeito humano. 
 Sob vosso amparo depositamos toda nossaesperança, seguros de vosso auxilio e benção.
<br/>
<br/>
Coração Sagrado de Jesus em Vós confio!
<br/>
<br/>
Coração Imaculado de Maria, sede nossa salvação!
',12);


